# Generated by scripts/gen_maps.py from VarCon 2020.12.07 (c) 2000-2020 Kevin Atkinson, (c) 2016 Benjamin Titze. See LICENSE-VARCON.
abetter	abettor
abetters	abettors
abridgement	abridgment
abridgements	abridgments
absinth	absinthe
absinths	absinthes
accessorise	accessorize
accessorised	accessorized
accessorises	accessorizes
accessorising	accessorizing
acclimatisable	acclimatizable
acclimatisation	acclimatization
acclimatise	acclimatize
acclimatised	acclimatized
acclimatiser	acclimatizer
acclimatisers	acclimatizers
acclimatises	acclimatizes
acclimatising	acclimatizing
accoutre	accouter
accoutred	accoutered
accoutrement	accouterment
accoutrements	accouterments
accoutres	accouters
accoutring	accoutering
achromatisation	achromatization
achromatisations	achromatizations
achromatise	achromatize
achromatised	achromatized
achromatises	achromatizes
achromatising	achromatizing
acidaemia	acidemia
acknowledgement	acknowledgment
acknowledgements	acknowledgments
actualisation	actualization
actualisations	actualizations
actualise	actualize
actualised	actualized
actualises	actualizes
actualising	actualizing
adaptor	adapter
adaptors	adapters
adonise	adonize
adonised	adonized
adonises	adonizes
adonising	adonizing
adulterise	adulterize
adulterised	adulterized
adulterises	adulterizes
adulterising	adulterizing
adverbialise	adverbialize
adverbialised	adverbialized
adverbialises	adverbializes
adverbialising	adverbializing
aeon	eon
aeons	eons
aerofoil	airfoil
aerofoils	airfoils
aeroplane	airplane
aeroplanes	airplanes
aestheses	estheses
aesthesia	esthesia
aesthesias	esthesias
aesthesiogen	esthesiogen
aesthesiogenic	esthesiogenic
aesthesiogens	esthesiogens
aesthesis	esthesis
aesthetical	esthetical
aesthetician	esthetician
aestheticians	estheticians
aestheticise	aestheticize
aestheticised	aestheticized
aestheticises	aestheticizes
aestheticising	aestheticizing
aestival	estival
aestivate	estivate
aestivated	estivated
aestivates	estivates
aestivating	estivating
aestivation	estivation
aestivations	estivations
aetiologically	etiologically
aetiologist	etiologist
aetiology	etiology
agatise	agatize
agatises	agatizes
ageing	aging
ageings	agings
agenise	agenize
aggrandise	aggrandize
aggrandised	aggrandized
aggrandisement	aggrandizement
aggrandisements	aggrandizements
aggrandiser	aggrandizer
aggrandisers	aggrandizers
aggrandises	aggrandizes
aggrandising	aggrandizing
agnise	agnize
agnised	agnized
agnises	agnizes
agnising	agnizing
agonise	agonize
agonised	agonized
agonisedlies	agonizedlies
agonisedly	agonizedly
agonises	agonizes
agonising	agonizing
agonisinglier	agonizinglier
agonisingliest	agonizingliest
agonisingly	agonizingly
agrise	agrize
agrised	agrized
agrises	agrizes
agrising	agrizing
aguise	aguize
aguised	aguized
aguises	aguizes
aguising	aguizing
albitise	albitize
albitised	albitized
albitises	albitizes
albitising	albitizing
alchemise	alchemize
alchemised	alchemized
alchemises	alchemizes
alchemising	alchemizing
alcoholisation	alcoholization
alcoholisations	alcoholizations
alcoholise	alcoholize
alcoholised	alcoholized
alcoholises	alcoholizes
alcoholising	alcoholizing
alkalinisation	alkalinization
alkalinisations	alkalinizations
alkalinise	alkalinize
alkalinised	alkalinized
alkalinises	alkalinizes
alkalinising	alkalinizing
alkalisation	alkalization
alkalisations	alkalizations
alkalise	alkalize
alkalised	alkalized
alkalises	alkalizes
alkalising	alkalizing
allegorisation	allegorization
allegorisations	allegorizations
allegorise	allegorize
allegorised	allegorized
allegoriser	allegorizer
allegorisers	allegorizers
allegorises	allegorizes
allegorising	allegorizing
alphabetisation	alphabetization
alphabetisations	alphabetizations
alphabetise	alphabetize
alphabetised	alphabetized
alphabetiser	alphabetizer
alphabetisers	alphabetizers
alphabetises	alphabetizes
alphabetising	alphabetizing
aluminise	aluminize
aluminised	aluminized
aluminises	aluminizes
aluminising	aluminizing
aluminium	aluminum
aluminiums	aluminums
amenorrhoea	amenorrhea
amenorrhoeal	amenorrheal
amenorrhoeas	amenorrheas
amenorrhoeic	amenorrheic
americanisation	americanization
americanised	americanized
amongst	among
amortisable	amortizable
amortisabler	amortizabler
amortisables	amortizables
amortisablest	amortizablest
amortisation	amortization
amortisations	amortizations
amortise	amortize
amortised	amortized
amortisement	amortizement
amortisements	amortizements
amortises	amortizes
amortising	amortizing
amphitheatre	amphitheater
amphitheatres	amphitheaters
anabaptise	anabaptize
anabaptised	anabaptized
anabaptises	anabaptizes
anabaptising	anabaptizing
anaemia	anemia
anaemias	anemias
anaemic	anemic
anaemically	anemically
anaemicer	anemicer
anaemicest	anemicest
anaemics	anemics
anaesthesia	anesthesia
anaesthesias	anesthesias
anaesthesiologies	anesthesiologies
anaesthesiologist	anesthesiologist
anaesthesiologists	anesthesiologists
anaesthesiology	anesthesiology
anaesthesis	anesthesis
anaesthetic	anesthetic
anaesthetically	anesthetically
anaestheticer	anestheticer
anaestheticest	anestheticest
anaesthetics	anesthetics
anaesthetisation	anesthetization
anaesthetisations	anesthetizations
anaesthetise	anesthetize
anaesthetised	anesthetized
anaesthetises	anesthetizes
anaesthetising	anesthetizing
anaesthetist	anesthetist
anaesthetists	anesthetists
anaesthetization	anesthetization
anaesthetizations	anesthetizations
anaesthetize	anesthetize
anaesthetized	anesthetized
anaesthetizes	anesthetizes
anaesthetizing	anesthetizing
anagrammatise	anagrammatize
anagrammatised	anagrammatized
anagrammatises	anagrammatizes
anagrammatising	anagrammatizing
analogise	analogize
analogised	analogized
analogises	analogizes
analogising	analogizing
analysability	analyzability
analysable	analyzable
analysabler	analyzabler
analysablest	analyzablest
analysation	analyzation
analysations	analyzations
analyse	analyze
analysed	analyzed
analyser	analyzer
analysers	analyzers
analysing	analyzing
anarchise	anarchize
anarchised	anarchized
anarchises	anarchizes
anarchising	anarchizing
anathematisation	anathematization
anathematisations	anathematizations
anathematise	anathematize
anathematised	anathematized
anathematises	anathematizes
anathematising	anathematizing
anatomisation	anatomization
anatomise	anatomize
anatomised	anatomized
anatomises	anatomizes
anatomising	anatomizing
anglicisation	anglicization
anglicisations	anglicizations
anglicise	anglicize
anglicised	anglicized
anglicises	anglicizes
anglicising	anglicizing
animalisation	animalization
animalisations	animalizations
animalise	animalize
animalised	animalized
animalises	animalizes
animalising	animalizing
annalise	annalize
annalised	annalized
annalises	annalizes
annalising	annalizing
annualise	annualize
annualised	annualized
annualises	annualizes
annualising	annualizing
anodisation	anodization
anodise	anodize
anodised	anodized
anodises	anodizes
anodising	anodizing
anoestra	anestra
anoestri	anestri
anoestrous	anestrous
anoestrum	anestrum
anoestrus	anestrus
anoestruses	anestruses
anonymise	anonymize
anonymised	anonymized
anonymises	anonymizes
anonymising	anonymizing
anoxaemia	anoxemia
anoxaemic	anoxemic
antagonisation	antagonization
antagonisations	antagonizations
antagonise	antagonize
antagonised	antagonized
antagonises	antagonizes
antagonising	antagonizing
anthologise	anthologize
anthologised	anthologized
anthologiser	anthologizer
anthologises	anthologizes
anthologising	anthologizing
anthropomorphisation	anthropomorphization
anthropomorphisations	anthropomorphizations
anthropomorphise	anthropomorphize
anthropomorphised	anthropomorphized
anthropomorphises	anthropomorphizes
anthropomorphising	anthropomorphizing
antilabour	antilabor
antilabours	antilabors
antisepticise	antisepticize
antisepticised	antisepticized
antisepticises	antisepticizes
antisepticising	antisepticizing
aphetise	aphetize
aphetised	aphetized
aphetises	aphetizes
aphetising	aphetizing
aphorise	aphorize
aphorised	aphorized
aphoriser	aphorizer
aphorisers	aphorizers
aphorises	aphorizes
aphorising	aphorizing
apnoea	apnea
apnoeal	apneal
apnoeas	apneas
apologise	apologize
apologised	apologized
apologiser	apologizer
apologisers	apologizers
apologises	apologizes
apologising	apologizing
apophthegmatise	apophthegmatize
apophthegmatised	apophthegmatized
apophthegmatises	apophthegmatizes
apophthegmatising	apophthegmatizing
apostatise	apostatize
apostatised	apostatized
apostatises	apostatizes
apostatising	apostatizing
apostolise	apostolize
apostolised	apostolized
apostolises	apostolizes
apostolising	apostolizing
apostrophise	apostrophize
apostrophised	apostrophized
apostrophises	apostrophizes
apostrophising	apostrophizing
apothegmatise	apothegmatize
apothegmatised	apothegmatized
apothegmatises	apothegmatizes
apothegmatising	apothegmatizing
apotheosise	apotheosize
apotheosised	apotheosized
apotheosises	apotheosizes
apotheosising	apotheosizing
appal	appall
appals	appalls
apparelled	appareled
apparelling	appareling
appetise	appetize
appetised	appetized
appetisement	appetizement
appetisements	appetizements
appetiser	appetizer
appetisers	appetizers
appetises	appetizes
appetising	appetizing
appetisingly	appetizingly
appriser	apprizer
apprisers	apprizers
apprisings	apprizings
arabisation	arabization
arabisations	arabizations
arabise	arabize
arabised	arabized
arabises	arabizes
arabising	arabizing
arborisation	arborization
arborisations	arborizations
arborise	arborize
arborised	arborized
arborises	arborizes
arborising	arborizing
arbour	arbor
arboured	arbored
arboures	arbores
arbours	arbors
archaise	archaize
archaised	archaized
archaiser	archaizer
archaisers	archaizers
archaises	archaizes
archaising	archaizing
ardour	ardor
ardours	ardors
armour	armor
armourbearer	armorbearer
armoured	armored
armourer	armorer
armourers	armorers
armouries	armories
armouring	armoring
armourless	armorless
armours	armors
armoury	armory
aromatisation	aromatization
aromatise	aromatize
aromatised	aromatized
aromatises	aromatizes
aromatising	aromatizing
arsehole	asshole
arseholes	assholes
artefact	artifact
artefacts	artifacts
arterialisation	arterialization
arterialisations	arterializations
arterialise	arterialize
arterialised	arterialized
arterialises	arterializes
arterialising	arterializing
artificialise	artificialize
artificialised	artificialized
artificialises	artificializes
artificialising	artificializing
asafoetida	asafetida
asafoetidas	asafetidas
asepticise	asepticize
asepticised	asepticized
asepticises	asepticizes
asepticising	asepticizing
aspheterise	aspheterize
aspheterised	aspheterized
aspheterises	aspheterizes
aspheterising	aspheterizing
astronomise	astronomize
astronomised	astronomized
astronomises	astronomizes
astronomising	astronomizing
atheise	atheize
atheised	atheized
atheises	atheizes
atheising	atheizing
athetise	athetize
athetised	athetized
athetises	athetizes
athetising	athetizing
atmolyse	atmolyze
atmolysed	atmolyzed
atmolyses	atmolyzes
atmolysing	atmolyzing
atomisation	atomization
atomisations	atomizations
atomise	atomize
atomised	atomized
atomiser	atomizer
atomisers	atomizers
atomises	atomizes
atomising	atomizing
atticise	atticize
atticises	atticizes
attitudinise	attitudinize
attitudinised	attitudinized
attitudiniser	attitudinizer
attitudinisers	attitudinizers
attitudinises	attitudinizes
attitudinising	attitudinizing
attitudinisings	attitudinizings
authorisable	authorizable
authorisation	authorization
authorisations	authorizations
authorise	authorize
authorised	authorized
authoriser	authorizer
authorisers	authorizers
authorises	authorizes
authorising	authorizing
autocatalyse	autocatalyze
autocatalysed	autocatalyzed
autocatalyses	autocatalyzes
autocatalysing	autocatalyzing
autoimmunisation	autoimmunization
autoionisation	autoionization
autolyse	autolyze
autolysed	autolyzed
autolyses	autolyzes
autolysing	autolyzing
automatisation	automatization
automatisations	automatizations
automatise	automatize
automatised	automatized
automatises	automatizes
automatising	automatizing
autotomise	autotomize
autotomised	autotomized
autotomises	autotomizes
autotomising	autotomizing
autotoxaemia	autotoxemia
autotoxaemias	autotoxemias
avianise	avianize
avianised	avianized
avianises	avianizes
avianising	avianizing
axiomatisation	axiomatization
axiomatisations	axiomatizations
axiomatise	axiomatize
axiomatised	axiomatized
axiomatises	axiomatizes
axiomatising	axiomatizing
azotaemia	azotemia
azotise	azotize
azotised	azotized
azotises	azotizes
azotising	azotizing
bacillaemia	bacillemia
bacillaemias	bacillemias
backpedalled	backpedaled
backpedalling	backpedaling
bacteraemia	bacteremia
bacteraemias	bacteremias
bacterise	bacterize
bacterised	bacterized
bacterises	bacterizes
bacterising	bacterizing
balkanisation	balkanization
balkanisations	balkanizations
balkanise	balkanize
balkanised	balkanized
balkanises	balkanizes
balkanising	balkanizing
banalisation	banalization
banalisations	banalizations
banalise	banalize
banalised	banalized
banalises	banalizes
banalising	banalizing
baptise	baptize
baptised	baptized
baptiser	baptizer
baptisers	baptizers
baptises	baptizes
baptising	baptizing
barbarisation	barbarization
barbarisations	barbarizations
barbarise	barbarize
barbarised	barbarized
barbarises	barbarizes
barbarising	barbarizing
barque	bark
barques	barks
barrelled	barreled
barrelling	barreling
barycentre	barycenter
bastardisation	bastardization
bastardisations	bastardizations
bastardise	bastardize
bastardised	bastardized
bastardises	bastardizes
bastardising	bastardizing
battologise	battologize
baulk	balk
baulked	balked
baulking	balking
baulks	balks
beclamour	beclamor
beclamoured	beclamored
beclamouring	beclamoring
beclamours	beclamors
becudgelled	becudgeled
becudgelling	becudgeling
bedevilled	bedeviled
bedevilling	bedeviling
bedrivelled	bedriveled
bedrivelling	bedriveling
behaviour	behavior
behavioural	behavioral
behaviouraler	behavioraler
behaviouralest	behavioralest
behaviourally	behaviorally
behaviourism	behaviorism
behaviourisms	behaviorisms
behaviourist	behaviorist
behaviouristic	behavioristic
behaviouristicer	behavioristicer
behaviouristicest	behavioristicest
behaviouristics	behavioristics
behaviourists	behaviorists
behaviours	behaviors
behove	behoove
behoved	behooved
behoves	behooves
behoving	behooving
behovings	behoovings
bejewelled	bejeweled
bejewelling	bejeweling
belabour	belabor
belaboured	belabored
belabouring	belaboring
belabours	belabors
bestialise	bestialize
bestialised	bestialized
bestialises	bestializes
bestialising	bestializing
bevelled	beveled
beveller	beveler
bevellers	bevelers
bevelling	beveling
bevellings	bevelings
bicolour	bicolor
bicoloured	bicolored
bicolouredder	bicoloredder
bicoloureddest	bicoloreddest
bicolourest	bicolorrest
bicolours	bicolors
binarisation	binarization
binarisations	binarizations
binarise	binarize
binarised	binarized
binariser	binarizer
binarisers	binarizers
binarises	binarizes
binarising	binarizing
bipolarisation	bipolarization
bipolarise	bipolarize
bipolarises	bipolarizes
bistre	bister
bistres	bisters
bituminisation	bituminization
bituminisations	bituminizations
bituminise	bituminize
bituminised	bituminized
bituminises	bituminizes
bituminising	bituminizing
blaise	blaize
blameable	blamable
blennorrhoea	blennorrhea
blowsier	blowzier
blowsiest	blowziest
blowsy	blowzy
bolshevise	bolshevize
bolshevised	bolshevized
bolshevises	bolshevizes
bolshevising	bolshevizing
botanise	botanize
botanised	botanized
botaniser	botanizer
botanises	botanizes
botanising	botanizing
bowdlerisation	bowdlerization
bowdlerisations	bowdlerizations
bowdlerise	bowdlerize
bowdlerised	bowdlerized
bowdleriser	bowdlerizer
bowdlerisers	bowdlerizers
bowdlerises	bowdlerizes
bowdlerising	bowdlerizing
breathalyse	breathalyze
breathalysed	breathalyzed
breathalyser	breathalyzer
breathalysers	breathalyzers
breathalyses	breathalyzes
breathalysing	breathalyzing
briar	brier
briars	briers
bromise	bromize
bromised	bromized
bromising	bromizing
brutalisation	brutalization
brutalisations	brutalizations
brutalise	brutalize
brutalised	brutalized
brutalises	brutalizes
brutalising	brutalizing
bureaucratisation	bureaucratization
bureaucratisations	bureaucratizations
bureaucratise	bureaucratize
bureaucratised	bureaucratized
bureaucratises	bureaucratizes
bureaucratising	bureaucratizing
burglarise	burglarize
burglarised	burglarized
burglarises	burglarizes
burglarising	burglarizing
burnettise	burnettize
burnettised	burnettized
burnettises	burnettizes
burnettising	burnettizing
bushelled	busheled
bushelling	busheling
bushellings	bushelings
bussings	busings
caesium	cesium
caesiums	cesiums
caesural	cesural
calendarisation	calendarization
calendarisations	calendarizations
calendarise	calendarize
calendarised	calendarized
calendarises	calendarizes
calendarising	calendarizing
calibre	caliber
calibres	calibers
callisthenic	calisthenic
callisthenics	calisthenics
camise	camize
canalisation	canalization
canalisations	canalizations
canalise	canalize
canalised	canalized
canalises	canalizes
canalising	canalizing
cancelled	canceled
canceller	canceler
cancellers	cancelers
cancelling	canceling
candour	candor
candours	candors
canisterisation	canisterization
canisterisations	canisterizations
canisterise	canisterize
canisterised	canisterized
canisterises	canisterizes
canisterising	canisterizing
cannibalisation	cannibalization
cannibalisations	cannibalizations
cannibalise	cannibalize
cannibalised	cannibalized
cannibalises	cannibalizes
cannibalising	cannibalizing
canonicalisation	canonicalization
canonicalisations	canonicalizations
canonicalise	canonicalize
canonicalised	canonicalized
canonicaliser	canonicalizer
canonicalisers	canonicalizers
canonicalises	canonicalizes
canonicalising	canonicalizing
canonisation	canonization
canonisations	canonizations
canonise	canonize
canonised	canonized
canoniser	canonizer
canonisers	canonizers
canonises	canonizes
canonising	canonizing
cantonisation	cantonization
cantonisations	cantonizations
cantonise	cantonize
cantonised	cantonized
cantonises	cantonizes
cantonising	cantonizing
capitalisable	capitalizable
capitalisation	capitalization
capitalisations	capitalizations
capitalise	capitalize
capitalised	capitalized
capitalises	capitalizes
capitalising	capitalizing
caponise	caponize
caponised	caponized
caponises	caponizes
caponising	caponizing
capsulise	capsulize
capsulised	capsulized
capsulises	capsulizes
capsulising	capsulizing
caramelisation	caramelization
caramelisations	caramelizations
caramelise	caramelize
caramelised	caramelized
caramelises	caramelizes
caramelising	caramelizing
carbolise	carbolize
carbolised	carbolized
carbolises	carbolizes
carbolising	carbolizing
carbonisation	carbonization
carbonisations	carbonizations
carbonise	carbonize
carbonised	carbonized
carboniser	carbonizer
carbonisers	carbonizers
carbonises	carbonizes
carbonising	carbonizing
carburettor	carburetor
carburettors	carburetors
carburisation	carburization
carburisations	carburizations
carburise	carburize
carburised	carburized
carburises	carburizes
carburising	carburizing
cardiae	cardie
carnalise	carnalize
carnalised	carnalized
carnalises	carnalizes
carnalising	carnalizing
carolled	caroled
caroller	caroler
carollers	carolers
carolling	caroling
cartelisation	cartelization
cartelisations	cartelizations
cartelise	cartelize
cartelised	cartelized
cartelises	cartelizes
cartelising	cartelizing
casualisation	casualization
casualisations	casualizations
casualise	casualize
casualised	casualized
casualises	casualizes
casualising	casualizing
catabolise	catabolize
catalogue	catalog
catalogued	cataloged
cataloguer	cataloger
cataloguers	catalogers
catalogues	catalogs
cataloguing	cataloging
cataloguise	cataloguize
cataloguised	cataloguized
cataloguises	cataloguizes
cataloguising	cataloguizing
catalyse	catalyze
catalysed	catalyzed
catalyser	catalyzer
catalysers	catalyzers
catalysing	catalyzing
catechisation	catechization
catechisations	catechizations
catechise	catechize
catechised	catechized
catechiser	catechizer
catechisers	catechizers
catechises	catechizes
catechising	catechizing
catechisings	catechizings
categorisation	categorization
categorisations	categorizations
categorise	categorize
categorised	categorized
categoriser	categorizer
categorisers	categorizers
categorises	categorizes
categorising	categorizing
catharise	catharize
catharised	catharized
catharises	catharizes
catharising	catharizing
catheterisation	catheterization
catheterisations	catheterizations
catheterise	catheterize
catheterised	catheterized
catheterises	catheterizes
catheterising	catheterizing
catholicisation	catholicization
catholicisations	catholicizations
catholicise	catholicize
catholicised	catholicized
catholicises	catholicizes
catholicising	catholicizing
cauterisation	cauterization
cauterisations	cauterizations
cauterise	cauterize
cauterised	cauterized
cauterises	cauterizes
cauterising	cauterizing
cavilled	caviled
caviller	caviler
cavillers	cavilers
cavilling	caviling
cavillings	cavilings
centilitre	centiliter
centilitres	centiliters
centimetre	centimeter
centimetres	centimeters
centralisation	centralization
centralisations	centralizations
centralise	centralize
centralised	centralized
centraliser	centralizer
centralisers	centralizers
centralises	centralizes
centralising	centralizing
centre	center
centreboard	centerboard
centreboards	centerboards
centred	centered
centrefold	centerfold
centrefolds	centerfolds
centreless	centerless
centrelesser	centerlesser
centrelessest	centerlessest
centreline	centerline
centrelines	centerlines
centrepiece	centerpiece
centrepieces	centerpieces
centres	centers
centrifugalisation	centrifugalization
centrifugalisations	centrifugalizations
centrifugalise	centrifugalize
centrifugalised	centrifugalized
centrifugalises	centrifugalizes
centrifugalising	centrifugalizing
centring	centering
centrings	centerings
cephalisation	cephalization
cephalisations	cephalizations
channelisation	channelization
channelisations	channelizations
channelise	channelize
channelised	channelized
channelises	channelizes
channelising	channelizing
channelled	channeled
channelling	channeling
chaperone	chaperon
chaperones	chaperons
chaptalisation	chaptalization
chaptalisations	chaptalizations
chaptalise	chaptalize
chaptalised	chaptalized
chaptalises	chaptalizes
chaptalising	chaptalizing
characterisable	characterizable
characterisation	characterization
characterisations	characterizations
characterise	characterize
characterised	characterized
characteriser	characterizer
characterisers	characterizers
characterises	characterizes
characterising	characterizing
cheque	check
chequebook	checkbook
chequebooks	checkbooks
chequer	checker
chequerboard	checkerboard
chequerboards	checkerboards
chequered	checkered
chequering	checkering
chequers	checkers
cheques	checks
chilli	chili
chillies	chilies
chiselled	chiseled
chiseller	chiseler
chisellers	chiselers
chiselling	chiseling
chloridise	chloridize
chloridised	chloridized
chloridises	chloridizes
chloridising	chloridizing
chlorinise	chlorinize
chlorinised	chlorinized
chlorinises	chlorinizes
chlorinising	chlorinizing
chloritisation	chloritization
chloritisations	chloritizations
chocolatey	chocolaty
cholaemia	cholemia
cholaemias	cholemias
chorisation	chorization
chorisations	chorizations
christianisation	christianization
christianisations	christianizations
christianise	christianize
christianised	christianized
christianiser	christianizer
christianisers	christianizers
christianises	christianizes
christianising	christianizing
chromise	chromize
chromised	chromized
chromises	chromizes
chromising	chromizing
chronologise	chronologize
chronologised	chronologized
chronologises	chronologizes
chronologising	chronologizing
cicatrisation	cicatrization
cicatrisations	cicatrizations
cicatrise	cicatrize
cicatrised	cicatrized
cicatrises	cicatrizes
cicatrising	cicatrizing
cinchonisation	cinchonization
cinchonisations	cinchonizations
cinchonise	cinchonize
cinchonised	cinchonized
cinchonises	cinchonizes
cinchonising	cinchonizing
cinematise	cinematize
circularisation	circularization
circularisations	circularizations
circularise	circularize
circularised	circularized
circulariser	circularizer
circularisers	circularizers
circularises	circularizes
circularising	circularizing
circumcentre	circumcenter
circumcentres	circumcenters
citizenise	citizenize
citizenised	citizenized
citizenises	citizenizes
citizenising	citizenizing
civilianisation	civilianization
civilianisations	civilianizations
civilianise	civilianize
civilianised	civilianized
civilianises	civilianizes
civilianising	civilianizing
civilisable	civilizable
civilisation	civilization
civilisational	civilizational
civilisationaler	civilizationaler
civilisationalest	civilizationalest
civilisationals	civilizationals
civilisations	civilizations
civilise	civilize
civilised	civilized
civiliser	civilizer
civilisers	civilizers
civilises	civilizes
civilising	civilizing
clamour	clamor
clamoured	clamored
clamourer	clamorer
clamourers	clamorers
clamouring	clamoring
clamours	clamors
clangour	clangor
clangoured	clangored
clangouring	clangoring
clangours	clangors
clarinettist	clarinetist
clarinettists	clarinetists
classicise	classicize
classicised	classicized
classicises	classicizes
classicising	classicizing
climatise	climatize
climatised	climatized
climatises	climatizes
climatising	climatizing
coalise	coalize
coalised	coalized
coalises	coalizes
coalising	coalizing
cocainisation	cocainization
cocainisations	cocainizations
cocainise	cocainize
cocainised	cocainized
cocainises	cocainizes
cocainising	cocainizing
coeliac	celiac
coeliacs	celiacs
coeliotomy	celiotomy
coeloms	celoms
coenamour	coenamor
coenamoured	coenamored
coenamouring	coenamoring
coenamours	coenamors
coenobite	cenobite
coenobites	cenobites
coenobitic	cenobitic
coenobitical	cenobitical
cognisable	cognizable
cognisabler	cognizabler
cognisablest	cognizablest
cognisance	cognizance
cognisances	cognizances
cognisant	cognizant
cognisanter	cognizanter
cognisantest	cognizantest
cognise	cognize
cognised	cognized
cogniser	cognizer
cognisers	cognizers
cognises	cognizes
cognising	cognizing
collateralise	collateralize
collectable	collectible
collectables	collectibles
collectivisation	collectivization
collectivisations	collectivizations
collectivise	collectivize
collectivised	collectivized
collectivises	collectivizes
collectivising	collectivizing
colloquise	colloquize
colloquised	colloquized
colloquises	colloquizes
colloquising	colloquizing
colonialise	colonialize
colonialised	colonialized
colonialises	colonializes
colonialising	colonializing
colonisable	colonizable
colonisation	colonization
colonisationist	colonizationist
colonisationists	colonizationists
colonisations	colonizations
colonise	colonize
colonised	colonized
coloniser	colonizer
colonisers	colonizers
colonises	colonizes
colonising	colonizing
colour	color
colourabilities	colorabilities
colourability	colorability
colourable	colorable
colourableness	colorableness
colourablenesses	colorablenesses
colourabler	colorabler
colourables	colorables
colourablest	colorablest
colourablier	colorablier
colourablies	colorablies
colourabliest	colorabliest
colourably	colorably
colourant	colorant
colourants	colorants
colourblind	colorblind
colourblindness	colorblindness
colourblindnesses	colorblindnesses
colourbred	colorbred
colourbreed	colorbreed
colourbreeding	colorbreeding
colourbreeds	colorbreeds
colourcast	colorcast
colourcasted	colorcasted
colourcasting	colorcasting
colourcasts	colorcasts
colourectal	colorectal
coloured	colored
coloureds	coloreds
colourer	colorer
colourers	colorers
colourest	colorrest
colourfast	colorfast
colourfastness	colorfastness
colourfastnesses	colorfastnesses
colourful	colorful
colourfuler	colorfuler
colourfulest	colorfulest
colourfullier	colorfullier
colourfulliest	colorfulliest
colourfully	colorfully
colourfulness	colorfulness
colourfulnesses	colorfulnesses
colourific	colorific
colourifics	colorifics
colourimetrically	colorimetrically
colouring	coloring
colourings	colorings
colourisation	colorization
colourisations	colorizations
colourise	colorize
colourised	colorized
colourises	colorizes
colourising	colorizing
colourism	colorism
colourisms	colorisms
colourist	colorist
colouristic	coloristic
colouristically	coloristically
colouristicer	coloristicer
colouristicest	coloristicest
colouristics	coloristics
colourists	colorists
colourization	colorization
colourizations	colorizations
colourize	colorize
colourized	colorized
colourizes	colorizes
colourizing	colorizing
colourless	colorless
colourlesser	colorlesser
colourlessest	colorlessest
colourlesslier	colorlesslier
colourlessliest	colorlessliest
colourlessly	colorlessly
colourlessness	colorlessness
colourlessnesses	colorlessnesses
colourman	colorman
colourmen	colormen
colourpoint	colorpoint
colourpoints	colorpoints
colours	colors
colourway	colorway
colourways	colorways
coloury	colory
commercialisation	commercialization
commercialisations	commercializations
commercialise	commercialize
commercialised	commercialized
commercialises	commercializes
commercialising	commercializing
communalisation	communalization
communalisations	communalizations
communalise	communalize
communalised	communalized
communalises	communalizes
communalising	communalizing
communisation	communization
communisations	communizations
communise	communize
communised	communized
communises	communizes
communising	communizing
compartmentalisation	compartmentalization
compartmentalisations	compartmentalizations
compartmentalise	compartmentalize
compartmentalised	compartmentalized
compartmentalises	compartmentalizes
compartmentalising	compartmentalizing
complementiser	complementizer
componentisation	componentization
componentisations	componentizations
componentise	componentize
componentised	componentized
componentiser	componentizer
componentisers	componentizers
componentises	componentizes
componentising	componentizing
comprehensivisation	comprehensivization
comprehensivisations	comprehensivizations
comprehensivise	comprehensivize
comprehensivised	comprehensivized
comprehensivises	comprehensivizes
comprehensivising	comprehensivizing
comprisable	comprizable
computerisable	computerizable
computerisation	computerization
computerisations	computerizations
computerise	computerize
computerised	computerized
computerises	computerizes
computerising	computerizing
concentre	concenter
concentred	concentered
concentres	concenters
concentring	concentering
conceptualisation	conceptualization
conceptualisations	conceptualizations
conceptualise	conceptualize
conceptualised	conceptualized
conceptualiser	conceptualizer
conceptualises	conceptualizes
conceptualising	conceptualizing
concertise	concertize
concertised	concertized
concertises	concertizes
concertising	concertizing
concolour	concolor
concolourous	concolorous
concretisation	concretization
concretisations	concretizations
concretise	concretize
concretised	concretized
concretises	concretizes
concretising	concretizing
conservatise	conservatize
conservatised	conservatized
conservatises	conservatizes
conservatising	conservatizing
constitutionalisation	constitutionalization
constitutionalisations	constitutionalizations
constitutionalise	constitutionalize
constitutionalised	constitutionalized
constitutionalises	constitutionalizes
constitutionalising	constitutionalizing
containerisation	containerization
containerisations	containerizations
containerise	containerize
containerised	containerized
containeriser	containerizer
containerisers	containerizers
containerises	containerizes
containerising	containerizing
contemporise	contemporize
contemporised	contemporized
contemporises	contemporizes
contemporising	contemporizing
contextualisation	contextualization
contextualisations	contextualizations
contextualise	contextualize
contextualised	contextualized
contextualiser	contextualizer
contextualisers	contextualizers
contextualises	contextualizes
contextualising	contextualizing
conventionalisation	conventionalization
conventionalisations	conventionalizations
conventionalise	conventionalize
conventionalised	conventionalized
conventionalises	conventionalizes
conventionalising	conventionalizing
conveyorise	conveyorize
conveyorised	conveyorized
conveyorises	conveyorizes
conveyorising	conveyorizing
copolymerisation	copolymerization
copolymerisations	copolymerizations
copolymerise	copolymerize
copolymerised	copolymerized
copolymerises	copolymerizes
copolymerising	copolymerizing
copraemia	copremia
copraemic	copremic
cordialise	cordialize
cordialised	cordialized
cordialises	cordializes
cordialising	cordializing
corinthianise	corinthianize
corinthianised	corinthianized
corinthianises	corinthianizes
corinthianising	corinthianizing
corporealise	corporealize
corporealised	corporealized
corporealises	corporealizes
corporealising	corporealizing
cosied	cozied
cosier	cozier
cosies	cozies
cosiest	coziest
cosily	cozily
cosiness	coziness
cosmeticise	cosmeticize
cosmeticised	cosmeticized
cosmeticises	cosmeticizes
cosmeticising	cosmeticizing
cosmopolitanise	cosmopolitanize
cosmopolitanised	cosmopolitanized
cosmopolitanises	cosmopolitanizes
cosmopolitanising	cosmopolitanizing
costumire	costumier
cosy	cozy
cosying	cozying
councillor	councilor
councillors	councilors
councillorship	councilorship
councillorships	councilorships
counselled	counseled
counselling	counseling
counsellor	counselor
counsellors	counselors
counsellorship	counselorship
counsellorships	counselorships
crenellate	crenelate
crenellated	crenelated
crenellater	crenelater
crenellates	crenelates
crenellatest	crenelatest
crenellating	crenelating
crenellation	crenelation
crenellations	crenelations
creolisation	creolization
creolisations	creolizations
creolise	creolize
creolised	creolized
creolises	creolizes
creolising	creolizing
cretinise	cretinize
cretinised	cretinized
cretinises	cretinizes
cretinising	cretinizing
criminalisation	criminalization
criminalisations	criminalizations
criminalise	criminalize
criminalised	criminalized
criminalises	criminalizes
criminalising	criminalizing
criticisable	criticizable
criticisabler	criticizabler
criticisables	criticizables
criticisablest	criticizablest
criticise	criticize
criticised	criticized
criticiser	criticizer
criticisers	criticizers
criticises	criticizes
criticising	criticizing
crozier	crosier
croziers	crosiers
crueller	crueler
cruellest	cruelest
cryptaesthesia	cryptesthesia
cryptaesthesias	cryptesthesias
cryptaesthetic	cryptesthetic
cryptanalyses	cryptanalyzes
crystallisability	crystallizability
crystallisable	crystallizable
crystallisabler	crystallizabler
crystallisables	crystallizables
crystallisablest	crystallizablest
crystallisation	crystallization
crystallisations	crystallizations
crystallise	crystallize
crystallised	crystallized
crystalliser	crystallizer
crystallisers	crystallizers
crystallises	crystallizes
crystallising	crystallizing
cuckoldise	cuckoldize
cuckoldised	cuckoldized
cuckoldises	cuckoldizes
cuckoldising	cuckoldizing
cudgelled	cudgeled
cudgelling	cudgeling
cudgellings	cudgelings
cupellation	cupelation
curarise	curarize
curarised	curarized
curarises	curarizes
curarising	curarizing
customisable	customizable
customisation	customization
customisations	customizations
customise	customize
customised	customized
customiser	customizer
customisers	customizers
customises	customizes
customising	customizing
cutinisation	cutinization
cutinisations	cutinizations
cutinise	cutinize
cutinised	cutinized
cutinises	cutinizes
cutinising	cutinizing
cyanise	cyanize
cyanised	cyanized
cyanises	cyanizes
cyanising	cyanizing
cyclisation	cyclization
cyclisations	cyclizations
cyclise	cyclize
cyclised	cyclized
cyclises	cyclizes
cyclising	cyclizing
dealcoholise	dealcoholize
dealcoholised	dealcoholized
dealcoholises	dealcoholizes
dealcoholising	dealcoholizing
deaminise	deaminize
decapitalisation	decapitalization
decapitalisations	decapitalizations
decapitalise	decapitalize
decapitalised	decapitalized
decapitalises	decapitalizes
decapitalising	decapitalizing
decarbonisation	decarbonization
decarbonisations	decarbonizations
decarbonise	decarbonize
decarbonised	decarbonized
decarboniser	decarbonizer
decarbonisers	decarbonizers
decarbonises	decarbonizes
decarbonising	decarbonizing
decarburisation	decarburization
decarburisations	decarburizations
decarburise	decarburize
decarburised	decarburized
decarburises	decarburizes
decarburising	decarburizing
decasualisation	decasualization
decasualisations	decasualizations
decentralisation	decentralization
decentralisations	decentralizations
decentralise	decentralize
decentralised	decentralized
decentralises	decentralizes
decentralising	decentralizing
decentres	decenters
decerebrise	decerebrize
decerebrised	decerebrized
decerebrises	decerebrizes
decerebrising	decerebrizing
dechristianisation	dechristianization
dechristianisations	dechristianizations
dechristianise	dechristianize
dechristianised	dechristianized
dechristianises	dechristianizes
dechristianising	dechristianizing
decilitre	deciliter
decilitres	deciliters
decimalisation	decimalization
decimalisations	decimalizations
decimalise	decimalize
decimalised	decimalized
decimalises	decimalizes
decimalising	decimalizing
decimetre	decimeter
decimetres	decimeters
decivilise	decivilize
decivilised	decivilized
decivilises	decivilizes
decivilising	decivilizing
decolonisation	decolonization
decolonisations	decolonizations
decolonise	decolonize
decolonised	decolonized
decolonises	decolonizes
decolonising	decolonizing
decolour	decolor
decolourant	decolorant
decolourants	decolorants
decolourate	decolorate
decolourated	decolorated
decolourates	decolorates
decolouration	decoloration
decolourations	decolorations
decoloured	decolored
decolouring	decoloring
decolourisation	decolorization
decolourisations	decolorizations
decolourise	decolorize
decolourised	decolorized
decolouriser	decolorizer
decolourisers	decolorizers
decolourises	decolorizes
decolourising	decolorizing
decolourization	decolorization
decolourizations	decolorizations
decolourize	decolorize
decolourized	decolorized
decolourizer	decolorizer
decolourizers	decolorizers
decolourizes	decolorizes
decolourizing	decolorizing
decolours	decolors
decriminalisation	decriminalization
decriminalisations	decriminalizations
decriminalise	decriminalize
decriminalised	decriminalized
decriminalises	decriminalizes
decriminalising	decriminalizing
dedramatise	dedramatize
dedramatised	dedramatized
dedramatises	dedramatizes
dedramatising	dedramatizing
deemphasise	deemphasize
deemphasised	deemphasized
deemphasises	deemphasizes
deemphasising	deemphasizing
defeminisation	defeminization
defeminise	defeminize
defeminised	defeminized
defeminises	defeminizes
defeminising	defeminizing
defence	defense
defenced	defensed
defenceless	defenseless
defencelesser	defenselesser
defencelessest	defenselessest
defencelesslier	defenselesslier
defencelessliest	defenselessliest
defencelessly	defenselessly
defencelessness	defenselessness
defencelessnesses	defenselessnesses
defenceman	defenseman
defencemen	defensemen
defences	defenses
defencing	defensing
defeudalise	defeudalize
defeudalised	defeudalized
defeudalises	defeudalizes
defeudalising	defeudalizing
defibrinise	defibrinize
defibrinised	defibrinized
defibrinises	defibrinizes
defibrinising	defibrinizing
definitise	definitize
definitised	definitized
definitises	definitizes
definitising	definitizing
deformalise	deformalize
dehumanisation	dehumanization
dehumanisations	dehumanizations
dehumanise	dehumanize
dehumanised	dehumanized
dehumanises	dehumanizes
dehumanising	dehumanizing
dehydrogenisation	dehydrogenization
dehydrogenise	dehydrogenize
dehydrogenised	dehydrogenized
dehydrogenising	dehydrogenizing
dehypnotisation	dehypnotization
dehypnotisations	dehypnotizations
dehypnotise	dehypnotize
dehypnotised	dehypnotized
dehypnotises	dehypnotizes
dehypnotising	dehypnotizing
deindustrialisation	deindustrialization
deindustrialisations	deindustrializations
deindustrialise	deindustrialize
deindustrialised	deindustrialized
deindustrialises	deindustrializes
deindustrialising	deindustrializing
deionisation	deionization
deionise	deionize
deionised	deionized
deionises	deionizes
deionising	deionizing
delocalisation	delocalization
delocalisations	delocalizations
delocalise	delocalize
delocalised	delocalized
delocalises	delocalizes
delocalising	delocalizing
delustre	deluster
demagnetisation	demagnetization
demagnetisations	demagnetizations
demagnetise	demagnetize
demagnetised	demagnetized
demagnetiser	demagnetizer
demagnetisers	demagnetizers
demagnetises	demagnetizes
demagnetising	demagnetizing
demasculinise	demasculinize
dematerialisation	dematerialization
dematerialisations	dematerializations
dematerialise	dematerialize
dematerialised	dematerialized
dematerialises	dematerializes
dematerialising	dematerializing
demeanour	demeanor
demeanours	demeanors
demilitarisation	demilitarization
demilitarisations	demilitarizations
demilitarise	demilitarize
demilitarised	demilitarized
demilitarises	demilitarizes
demilitarising	demilitarizing
demineralisation	demineralization
demineralisations	demineralizations
demineralise	demineralize
demineralised	demineralized
demineraliser	demineralizer
demineralises	demineralizes
demineralising	demineralizing
demobilisation	demobilization
demobilisations	demobilizations
demobilise	demobilize
demobilised	demobilized
demobilises	demobilizes
demobilising	demobilizing
democratisation	democratization
democratisations	democratizations
democratise	democratize
democratised	democratized
democratiser	democratizer
democratises	democratizes
democratising	democratizing
demonetisation	demonetization
demonetisations	demonetizations
demonetise	demonetize
demonetised	demonetized
demonetises	demonetizes
demonetising	demonetizing
demonisation	demonization
demonise	demonize
demonised	demonized
demonises	demonizes
demonising	demonizing
demoralisation	demoralization
demoralisations	demoralizations
demoralise	demoralize
demoralised	demoralized
demoraliser	demoralizer
demoralisers	demoralizers
demoralises	demoralizes
demoralising	demoralizing
demoralisingly	demoralizingly
demutualisation	demutualization
demutualisations	demutualizations
demutualise	demutualize
demutualised	demutualized
demutualises	demutualizes
demutualising	demutualizing
demythologisation	demythologization
demythologisations	demythologizations
demythologise	demythologize
demythologised	demythologized
demythologiser	demythologizer
demythologises	demythologizes
demythologising	demythologizing
denationalisation	denationalization
denationalisations	denationalizations
denationalise	denationalize
denationalised	denationalized
denationalises	denationalizes
denationalising	denationalizing
denaturalisation	denaturalization
denaturalisations	denaturalizations
denaturalise	denaturalize
denaturalised	denaturalized
denaturalises	denaturalizes
denaturalising	denaturalizing
denaturise	denaturize
denaturised	denaturized
denaturises	denaturizes
denaturising	denaturizing
dentine	dentin
dentines	dentins
denuclearisation	denuclearization
denuclearisations	denuclearizations
denuclearise	denuclearize
denuclearised	denuclearized
denuclearises	denuclearizes
denuclearising	denuclearizing
deodorisation	deodorization
deodorisations	deodorizations
deodorise	deodorize
deodorised	deodorized
deodoriser	deodorizer
deodorisers	deodorizers
deodorises	deodorizes
deodorising	deodorizing
deoxidisation	deoxidization
deoxidisations	deoxidizations
deoxidise	deoxidize
deoxidised	deoxidized
deoxidiser	deoxidizer
deoxidisers	deoxidizers
deoxidises	deoxidizes
deoxidising	deoxidizing
deoxygenise	deoxygenize
deoxygenised	deoxygenized
deoxygenises	deoxygenizes
deoxygenising	deoxygenizing
departmentalisation	departmentalization
departmentalisations	departmentalizations
departmentalise	departmentalize
departmentalised	departmentalized
departmentalises	departmentalizes
departmentalising	departmentalizing
depauperisation	depauperization
depauperise	depauperize
depauperised	depauperized
depauperises	depauperizes
depauperising	depauperizing
dependant	dependent
dependants	dependents
depersonalisation	depersonalization
depersonalisations	depersonalizations
depersonalise	depersonalize
depersonalised	depersonalized
depersonalises	depersonalizes
depersonalising	depersonalizing
depolarisation	depolarization
depolarisations	depolarizations
depolarise	depolarize
depolarised	depolarized
depolariser	depolarizer
depolarisers	depolarizers
depolarises	depolarizes
depolarising	depolarizing
depoliticisation	depoliticization
depoliticise	depoliticize
depoliticised	depoliticized
depoliticises	depoliticizes
depoliticising	depoliticizing
depolymerisation	depolymerization
depolymerisations	depolymerizations
depolymerise	depolymerize
depolymerised	depolymerized
depolymerises	depolymerizes
depolymerising	depolymerizing
depressurisation	depressurization
depressurisations	depressurizations
depressurise	depressurize
depressurised	depressurized
depressurises	depressurizes
depressurising	depressurizing
deprioritisation	deprioritization
deprioritisations	deprioritizations
deprioritise	deprioritize
deprioritised	deprioritized
deprioritiser	deprioritizer
deprioritisers	deprioritizers
deprioritises	deprioritizes
deprioritising	deprioritizing
deputisation	deputization
deputise	deputize
deputised	deputized
deputises	deputizes
deputising	deputizing
deracialise	deracialize
deracialised	deracialized
deracialises	deracializes
deracialising	deracializing
derealisation	derealization
derecognise	derecognize
derecognised	derecognized
derecognises	derecognizes
derecognising	derecognizing
dereligionise	dereligionize
dereligionised	dereligionized
dereligionises	dereligionizes
dereligionising	dereligionizing
desacralisation	desacralization
desacralisations	desacralizations
desacralise	desacralize
desacralised	desacralized
desacralises	desacralizes
desacralising	desacralizing
desalinisation	desalinization
desalinisations	desalinizations
desalinise	desalinize
desalinised	desalinized
desalinises	desalinizes
desalinising	desalinizing
descendent	descendant
desensitisation	desensitization
desensitisations	desensitizations
desensitise	desensitize
desensitised	desensitized
desensitiser	desensitizer
desensitisers	desensitizers
desensitises	desensitizes
desensitising	desensitizing
desertisation	desertization
desertisations	desertizations
desexualisation	desexualization
desexualisations	desexualizations
desexualise	desexualize
desexualised	desexualized
desexualises	desexualizes
desexualising	desexualizing
desilverisation	desilverization
desilverisations	desilverizations
desilverise	desilverize
desilverised	desilverized
desilverises	desilverizes
desilverising	desilverizing
despiritualise	despiritualize
destabilisation	destabilization
destabilise	destabilize
destabilised	destabilized
destabiliser	destabilizer
destabilisers	destabilizers
destabilises	destabilizes
destabilising	destabilizing
desterilise	desterilize
desulfuriser	desulfurizer
desulphurisation	desulfurization
desulphurisations	desulfurizations
desulphurise	desulfurize
desulphurised	desulfurized
desulphuriser	desulphurizer
desulphurisers	desulphurizers
desulphurises	desulfurizes
desulphurising	desulfurizing
desulphurization	desulfurization
desulphurizations	desulfurizations
desulphurize	desulfurize
desulphurized	desulfurized
desulphurizes	desulfurizes
desulphurizing	desulfurizing
detribalisation	detribalization
detribalisations	detribalizations
detribalise	detribalize
detribalised	detribalized
detribalises	detribalizes
detribalising	detribalizing
devalorisation	devalorization
devalorisations	devalorizations
devalorise	devalorize
devalorised	devalorized
devalorises	devalorizes
devalorising	devalorizing
devilled	deviled
devilling	deviling
devitalisation	devitalization
devitalisations	devitalizations
devitalise	devitalize
devitalised	devitalized
devitalises	devitalizes
devitalising	devitalizing
devocalisation	devocalization
devocalise	devocalize
devocalised	devocalized
devocalises	devocalizes
devocalising	devocalizing
devolatilisation	devolatilization
devolatilisations	devolatilizations
devolatilise	devolatilize
devolatilised	devolatilized
devolatilises	devolatilizes
devolatilising	devolatilizing
diabolise	diabolize
diabolised	diabolized
diabolises	diabolizes
diabolising	diabolizing
diagonalisable	diagonalizable
diagonalisation	diagonalization
diagonalise	diagonalize
diagonalised	diagonalized
diagonalises	diagonalizes
diagonalising	diagonalizing
dialled	dialed
dialling	dialing
diallings	dialings
dialogise	dialogize
dialogised	dialogized
dialogises	dialogizes
dialogising	dialogizing
dialysability	dialyzability
dialysable	dialyzable
dialysation	dialyzation
dialyse	dialyze
dialysed	dialyzed
dialyser	dialyzer
dialysers	dialyzers
dialysing	dialyzing
diarise	diarize
diarised	diarized
diarises	diarizes
diarising	diarizing
diarrhoea	diarrhea
diarrhoeal	diarrheal
diarrhoealer	diarrhealer
diarrhoealest	diarrhealest
diarrhoeas	diarrheas
diarrhoeic	diarrheic
diarrhoeicer	diarrheicer
diarrhoeicest	diarrheicest
diarrhoetic	diarrhetic
diarrhoeticer	diarrheticer
diarrhoeticest	diarrheticest
dichotomisation	dichotomization
dichotomisations	dichotomizations
dichotomise	dichotomize
dichotomised	dichotomized
dichotomises	dichotomizes
dichotomising	dichotomizing
dieselisation	dieselization
dieselisations	dieselizations
dieselise	dieselize
dieselised	dieselized
dieselises	dieselizes
dieselising	dieselizing
diethylstilboestrol	diethylstilbestrol
digitalisation	digitalization
digitalisations	digitalizations
digitalise	digitalize
digitalised	digitalized
digitalising	digitalizing
digitisation	digitization
digitisations	digitizations
digitise	digitize
digitised	digitized
digitiser	digitizer
digitisers	digitizers
digitises	digitizes
digitising	digitizing
dimerisation	dimerization
dimerisations	dimerizations
dimerise	dimerize
dimerised	dimerized
dimerises	dimerizes
dimerising	dimerizing
dioestrous	diestrous
dioestrum	diestrum
dioestrus	diestrus
dioestruses	diestruses
dioptre	diopter
dioptres	diopters
diphthongisation	diphthongization
diphthongisations	diphthongizations
diphthongise	diphthongize
diphthongised	diphthongized
diphthongises	diphthongizes
diphthongising	diphthongizing
diplomatise	diplomatize
diplomatised	diplomatized
diplomatises	diplomatizes
diplomatising	diplomatizing
disauthorise	disauthorize
disauthorised	disauthorized
disauthorises	disauthorizes
disauthorising	disauthorizing
discolour	discolor
discoloured	discolored
discoloureds	discoloreds
discolouring	discoloring
discolourment	discolorment
discolourments	discolorments
discolours	discolors
discretisation	discretization
discretisations	discretizations
discretise	discretize
discretised	discretized
discretiser	discretizer
discretisers	discretizers
discretises	discretizes
discretising	discretizing
disembowelled	disemboweled
disembowelling	disemboweling
disfavour	disfavor
disfavoured	disfavored
disfavourer	disfavorer
disfavourers	disfavorers
disfavouring	disfavoring
disfavours	disfavors
disharmonise	disharmonize
disharmonised	disharmonized
disharmonises	disharmonizes
disharmonising	disharmonizing
dishevelled	disheveled
dishevelling	disheveling
dishonour	dishonor
dishonourable	dishonorable
dishonourableness	dishonorableness
dishonourablenesses	dishonorablenesses
dishonourabler	dishonorabler
dishonourables	dishonorables
dishonourablest	dishonorablest
dishonourablier	dishonorablier
dishonourablies	dishonorablies
dishonourabliest	dishonorabliest
dishonourably	dishonorably
dishonourary	dishonorary
dishonoured	dishonored
dishonourer	dishonorer
dishonourers	dishonorers
dishonouring	dishonoring
dishonours	dishonors
dishumour	dishumor
dishumoured	dishumored
dishumours	dishumors
disillusionise	disillusionize
disillusionised	disillusionized
disillusionises	disillusionizes
disillusionising	disillusionizing
disindividualise	disindividualize
disindividualised	disindividualized
disindividualises	disindividualizes
disindividualising	disindividualizing
disindustrialisation	disindustrialization
disindustrialisations	disindustrializations
disindustrialise	disindustrialize
disindustrialised	disindustrialized
disindustrialises	disindustrializes
disindustrialising	disindustrializing
disnaturalise	disnaturalize
disnaturalised	disnaturalized
disnaturalises	disnaturalizes
disnaturalising	disnaturalizing
disorganisation	disorganization
disorganisations	disorganizations
disorganise	disorganize
disorganised	disorganized
disorganiser	disorganizer
disorganisers	disorganizers
disorganises	disorganizes
disorganising	disorganizing
dispauperise	dispauperize
dispauperised	dispauperized
dispauperises	dispauperizes
dispauperising	dispauperizing
disseise	disseize
disseised	disseized
disseises	disseizes
disseising	disseizing
dissocialise	dissocialize
dissocialised	dissocialized
dissocialises	dissocializes
dissocialising	dissocializing
distil	distill
distils	distills
divinise	divinize
divinised	divinized
divinises	divinizes
divinising	divinizing
divisionalisation	divisionalization
divisionalisations	divisionalizations
dockisation	dockization
dockisations	dockizations
dockise	dockize
dockised	dockized
dockises	dockizes
dockising	dockizing
documentarisation	documentarization
documentarisations	documentarizations
documentarise	documentarize
documentarised	documentarized
documentarises	documentarizes
documentarising	documentarizing
dogmatisation	dogmatization
dogmatisations	dogmatizations
dogmatise	dogmatize
dogmatised	dogmatized
dogmatiser	dogmatizer
dogmatisers	dogmatizers
dogmatises	dogmatizes
dogmatising	dogmatizing
dollarisation	dollarization
dollarisations	dollarizations
dolomitisation	dolomitization
dolomitisations	dolomitizations
dolomitise	dolomitize
dolomitised	dolomitized
dolomitises	dolomitizes
dolomitising	dolomitizing
dolour	dolor
dolours	dolors
domesticise	domesticize
domesticised	domesticized
domesticises	domesticizes
domesticising	domesticizing
dorise	dorize
dorised	dorized
dorises	dorizes
dorising	dorizing
dowelled	doweled
dowelling	doweling
downdraught	downdraft
dragonise	dragonize
dragonised	dragonized
dragonises	dragonizes
dragonising	dragonizing
dramatisable	dramatizable
dramatisation	dramatization
dramatisations	dramatizations
dramatise	dramatize
dramatised	dramatized
dramatiser	dramatizer
dramatisers	dramatizers
dramatises	dramatizes
dramatising	dramatizing
draught	draft
draughtier	draftier
draughtiest	draftiest
draughtilier	draftilier
draughtiliest	draftiliest
draughtily	draftily
draughtiness	draftiness
draughtinesses	draftinesses
draughts	drafts
draughtsman	draftsman
draughtsmanship	draftsmanship
draughtsmanships	draftsmanships
draughtsmen	draftsmen
draughtsperson	draftsperson
draughtswoman	draftswoman
draughtswomen	draftswomen
draughty	drafty
drily	dryly
drivelled	driveled
driveller	driveler
drivellers	drivelers
drivelling	driveling
dualise	dualize
dualises	dualizes
duelled	dueled
dueller	dueler
duellers	duelers
duelling	dueling
duellings	duelings
duellist	duelist
duellists	duelists
dynamise	dynamize
dynamised	dynamized
dynamises	dynamizes
dynamising	dynamizing
dysaesthesia	dysesthesia
dysaesthetic	dysesthetic
dysmenorrhoea	dysmenorrhea
dysmenorrhoeal	dysmenorrheal
dysmenorrhoeas	dysmenorrheas
dysmenorrhoeic	dysmenorrheic
dyspnoea	dyspnea
dyspnoeal	dyspneal
dyspnoeas	dyspneas
earlierise	earlierize
earlierised	earlierized
earlierises	earlierizes
earlierising	earlierizing
easternise	easternize
ebionise	ebionize
ebionised	ebionized
ebionises	ebionizes
ebionising	ebionizing
ebonise	ebonize
ebonised	ebonized
ebonises	ebonizes
ebonising	ebonizing
echoise	echoize
echoised	echoized
echoises	echoizes
echoising	echoizing
economisation	economization
economisations	economizations
economise	economize
economised	economized
economiser	economizer
economisers	economizers
economises	economizes
economising	economizing
ecstasise	ecstasize
ecstasised	ecstasized
ecstasises	ecstasizes
ecstasising	ecstasizing
editorialisation	editorialization
editorialisations	editorializations
editorialise	editorialize
editorialised	editorialized
editorialiser	editorializer
editorialises	editorializes
editorialising	editorializing
effeminise	effeminize
effeminised	effeminized
effeminises	effeminizes
effeminising	effeminizing
egotise	egotize
egotised	egotized
egotises	egotizes
egotising	egotizing
elasticise	elasticize
elasticised	elasticized
elasticises	elasticizes
elasticising	elasticizing
electrisation	electrization
electrisations	electrizations
electrise	electrize
electrised	electrized
electrises	electrizes
electrising	electrizing
electrodialyse	electrodialyze
electrodialyses	electrodialyzes
electrolyse	electrolyze
electrolysed	electrolyzed
electrolysing	electrolyzing
elegise	elegize
elegised	elegized
elegises	elegizes
elegising	elegizing
emblematise	emblematize
emblematised	emblematized
emblematises	emblematizes
emblematising	emblematizing
emblemise	emblemize
emblemised	emblemized
emblemises	emblemizes
emblemising	emblemizing
embolisation	embolization
emotionalisation	emotionalization
emotionalisations	emotionalizations
emotionalise	emotionalize
emotionalised	emotionalized
emotionalises	emotionalizes
emotionalising	emotionalizing
empathise	empathize
empathised	empathized
empathises	empathizes
empathising	empathizing
emperise	emperize
emperised	emperized
emperises	emperizes
emperising	emperizing
emphasise	emphasize
emphasised	emphasized
emphasises	emphasizes
emphasising	emphasizing
empyreumatise	empyreumatize
empyreumatised	empyreumatized
empyreumatises	empyreumatizes
empyreumatising	empyreumatizing
emulsionise	emulsionize
emulsionised	emulsionized
emulsionises	emulsionizes
emulsionising	emulsionizing
enamelled	enameled
enameller	enameler
enamellers	enamelers
enamelling	enameling
enamellings	enamelings
enamour	enamor
enamoured	enamored
enamoureds	enamoreds
enamouring	enamoring
enamours	enamors
encarnalise	encarnalize
encarnalised	encarnalized
encarnalises	encarnalizes
encarnalising	encarnalizing
encolour	encolor
encoloured	encolored
encolouring	encoloring
encolours	encolors
endeavour	endeavor
endeavoured	endeavored
endeavourer	endeavorer
endeavourers	endeavorers
endeavouring	endeavoring
endeavours	endeavors
energisation	energization
energise	energize
energised	energized
energiser	energizer
energisers	energizers
energises	energizes
energising	energizing
enhypostatise	enhypostatize
enhypostatised	enhypostatized
enhypostatises	enhypostatizes
enhypostatising	enhypostatizing
enigmatise	enigmatize
enigmatised	enigmatized
enigmatises	enigmatizes
enigmatising	enigmatizing
enquire	inquire
enquired	inquired
enquires	inquires
enquiries	inquiries
enquiring	inquiring
enquiry	inquiry
enrol	enroll
enrolment	enrollment
enrolments	enrollments
enrols	enrolls
ensepulchre	ensepulcher
ensepulchres	ensepulchers
enthral	enthrall
enthralment	enthrallment
enthralments	enthrallments
enthrals	enthralls
enthronisation	enthronization
enthronisations	enthronizations
enthronise	enthronize
enthronised	enthronized
enthronises	enthronizes
enthronising	enthronizing
entomologise	entomologize
entomologised	entomologized
entomologises	entomologizes
entomologising	entomologizing
envenomisation	envenomization
epaulette	epaulet
epaulettes	epaulets
epicentre	epicenter
epicentres	epicenters
epicurise	epicurize
epicurised	epicurized
epicurises	epicurizes
epicurising	epicurizing
epidotisation	epidotization
epidotisations	epidotizations
epidotised	epidotized
epigrammatise	epigrammatize
epigrammatised	epigrammatized
epigrammatiser	epigrammatizer
epigrammatises	epigrammatizes
epigrammatising	epigrammatizing
epilogise	epilogize
epilogised	epilogized
epilogises	epilogizes
epilogising	epilogizing
epiloguise	epiloguize
epiloguised	epiloguized
epiloguises	epiloguizes
epiloguising	epiloguizing
episcopise	episcopize
episcopised	episcopized
episcopises	episcopizes
episcopising	episcopizing
epistolise	epistolize
epistolised	epistolized
epistolises	epistolizes
epistolising	epistolizing
epitomisation	epitomization
epitomisations	epitomizations
epitomise	epitomize
epitomised	epitomized
epitomiser	epitomizer
epitomisers	epitomizers
epitomises	epitomizes
epitomising	epitomizing
equalisation	equalization
equalisations	equalizations
equalise	equalize
equalised	equalized
equaliser	equalizer
equalisers	equalizers
equalises	equalizes
equalising	equalizing
equalisings	equalizings
equalled	equaled
equalling	equaling
ergotise	ergotize
ergotised	ergotized
ergotises	ergotizes
ergotising	ergotizing
eroticisation	eroticization
eroticise	eroticize
eroticised	eroticized
eroticises	eroticizes
eroticising	eroticizing
erythraemia	erythremia
essentialise	essentialize
essentialises	essentializes
eternalisation	eternalization
eternalisations	eternalizations
eternalise	eternalize
eternalised	eternalized
eternalises	eternalizes
eternalising	eternalizing
eternisation	eternization
eternisations	eternizations
eternise	eternize
eternised	eternized
eternises	eternizes
eternising	eternizing
etherealisation	etherealization
etherealisations	etherealizations
etherealise	etherealize
etherealised	etherealized
etherealises	etherealizes
etherealising	etherealizing
etherisation	etherization
etherisations	etherizations
etherise	etherize
etherised	etherized
etheriser	etherizer
etherisers	etherizers
etherises	etherizes
etherising	etherizing
ethicise	ethicize
ethicised	ethicized
ethicises	ethicizes
ethicising	ethicizing
etymologise	etymologize
etymologised	etymologized
etymologises	etymologizes
etymologising	etymologizing
euhemerise	euhemerize
euhemerised	euhemerized
euhemerises	euhemerizes
euhemerising	euhemerizing
eulogise	eulogize
eulogised	eulogized
eulogiser	eulogizer
eulogisers	eulogizers
eulogises	eulogizes
eulogising	eulogizing
eunuchise	eunuchize
eunuchised	eunuchized
eunuchises	eunuchizes
eunuchising	eunuchizing
euphemise	euphemize
euphemised	euphemized
euphemiser	euphemizer
euphemisers	euphemizers
euphemises	euphemizes
euphemising	euphemizing
euphonise	euphonize
euphonised	euphonized
euphonises	euphonizes
euphonising	euphonizing
euphuise	euphuize
euphuised	euphuized
euphuises	euphuizes
euphuising	euphuizing
europeanise	europeanize
europeanised	europeanized
europeanises	europeanizes
europeanising	europeanizing
evangelisation	evangelization
evangelisations	evangelizations
evangelise	evangelize
evangelised	evangelized
evangeliser	evangelizer
evangelisers	evangelizers
evangelises	evangelizes
evangelising	evangelizing
eventualise	eventualize
eventualised	eventualized
eventualises	eventualizes
eventualising	eventualizing
eviller	eviler
evillest	evilest
excursionise	excursionize
excursionised	excursionized
excursionises	excursionizes
excursionising	excursionizing
exorciser	exorcizer
exorcisers	exorcizers
experimentalise	experimentalize
experimentalised	experimentalized
experimentalises	experimentalizes
experimentalising	experimentalizing
expertised	expertized
expertising	expertizing
extemporisation	extemporization
extemporisations	extemporizations
extemporise	extemporize
extemporised	extemporized
extemporiser	extemporizer
extemporisers	extemporizers
extemporises	extemporizes
extemporising	extemporizing
exteriorisation	exteriorization
exteriorisations	exteriorizations
exteriorise	exteriorize
exteriorised	exteriorized
exteriorises	exteriorizes
exteriorising	exteriorizing
externalisation	externalization
externalisations	externalizations
externalise	externalize
externalised	externalized
externalises	externalizes
externalising	externalizing
fabulise	fabulize
fabulised	fabulized
fabulises	fabulizes
fabulising	fabulizing
factorisation	factorization
factorisations	factorizations
factorise	factorize
factorised	factorized
factorises	factorizes
factorising	factorizing
faecal	fecal
faeces	feces
faggoted	fagoted
faggoting	fagoting
familiarisation	familiarization
familiarisations	familiarizations
familiarise	familiarize
familiarised	familiarized
familiariser	familiarizer
familiarisers	familiarizers
familiarises	familiarizes
familiarising	familiarizing
fanaticise	fanaticize
fanaticised	fanaticized
fanaticises	fanaticizes
fanaticising	fanaticizing
fantasise	fantasize
fantasised	fantasized
fantasiser	fantasizer
fantasises	fantasizes
fantasising	fantasizing
faradisation	faradization
faradisations	faradizations
faradise	faradize
faradised	faradized
faradiser	faradizer
faradisers	faradizers
faradises	faradizes
faradising	faradizing
favour	favor
favourable	favorable
favourableness	favorableness
favourablenesses	favorablenesses
favourabler	favorabler
favourables	favorables
favourablest	favorablest
favourablier	favorablier
favourabliest	favorabliest
favourably	favorably
favoured	favored
favouredness	favoredness
favourednesses	favorednesses
favoureds	favoreds
favourer	favorer
favourers	favorers
favouring	favoring
favourings	favorings
favourite	favorite
favouriter	favoriter
favourites	favorites
favouritest	favoritest
favouritism	favoritism
favouritisms	favoritisms
favourless	favorless
favourlesser	favorlesser
favourlessest	favorlessest
favours	favors
federalisation	federalization
federalisations	federalizations
federalise	federalize
federalised	federalized
federalises	federalizes
federalising	federalizing
feminisation	feminization
feminisations	feminizations
feminise	feminize
feminised	feminized
feminises	feminizes
feminising	feminizing
feralised	feralized
fertilisable	fertilizable
fertilisabler	fertilizabler
fertilisables	fertilizables
fertilisablest	fertilizablest
fertilisation	fertilization
fertilisational	fertilizational
fertilisationaler	fertilizationaler
fertilisationalest	fertilizationalest
fertilisationals	fertilizationals
fertilisations	fertilizations
fertilise	fertilize
fertilised	fertilized
fertiliser	fertilizer
fertilisers	fertilizers
fertilises	fertilizes
fertilising	fertilizing
fervour	fervor
fervours	fervors
fetichise	fetichize
fetichised	fetichized
fetichises	fetichizes
fetichising	fetichizing
fetishise	fetishize
fetishised	fetishized
fetishises	fetishizes
fetishising	fetishizing
feudalisation	feudalization
feudalisations	feudalizations
feudalise	feudalize
feudalised	feudalized
feudalises	feudalizes
feudalising	feudalizing
fibre	fiber
fibreboard	fiberboard
fibreboards	fiberboards
fibrefill	fiberfill
fibrefills	fiberfills
fibreglass	fiberglass
fibreglasses	fiberglasses
fibreless	fiberless
fibrelesser	fiberlesser
fibrelessest	fiberlessest
fibres	fibers
fibrescope	fiberscope
fibrescopes	fiberscopes
fictionalisation	fictionalization
fictionalisations	fictionalizations
fictionalise	fictionalize
fictionalised	fictionalized
fictionalises	fictionalizes
fictionalising	fictionalizing
fictionisation	fictionization
fictionisations	fictionizations
fictionise	fictionize
fictionised	fictionized
fictionises	fictionizes
fictionising	fictionizing
finalisation	finalization
finalisations	finalizations
finalise	finalize
finalised	finalized
finalises	finalizes
finalising	finalizing
flannelled	flanneled
flannelling	flanneling
flautist	flutist
flautists	flutists
flavour	flavor
flavoured	flavored
flavourer	flavorer
flavourers	flavorers
flavourful	flavorful
flavourfuler	flavorfuler
flavourfulest	flavorfulest
flavourfullier	flavorfullier
flavourfulliest	flavorfulliest
flavourfully	flavorfully
flavourier	flavorier
flavouriest	flavoriest
flavouring	flavoring
flavourings	flavorings
flavourless	flavorless
flavourlesser	flavorlesser
flavourlessest	flavorlessest
flavours	flavors
flavoursome	flavorsome
flavoursomer	flavorsomer
flavoursomest	flavorsomest
flavoury	flavory
fluidisation	fluidization
fluidisations	fluidizations
fluidise	fluidize
fluidised	fluidized
fluidiser	fluidizer
fluidisers	fluidizers
fluidises	fluidizes
fluidising	fluidizing
fluoridise	fluoridize
fluoridised	fluoridized
fluoridises	fluoridizes
fluoridising	fluoridizing
focalisation	focalization
focalisations	focalizations
focalise	focalize
focalised	focalized
focalises	focalizes
focalising	focalizing
fogey	fogy
fogeys	fogies
fontanelle	fontanel
fontanelles	fontanels
foregather	forgather
foregathered	forgathered
foregathering	forgathering
foregathers	forgathers
forejudgement	forejudgment
forejudgements	forejudgments
formalisable	formalizable
formalisation	formalization
formalisations	formalizations
formalise	formalize
formalised	formalized
formaliser	formalizer
formalisers	formalizers
formalises	formalizes
formalising	formalizing
formulae	formulas
formularisation	formularization
formularisations	formularizations
formularise	formularize
formularised	formularized
formulariser	formularizer
formularisers	formularizers
formularises	formularizes
formularising	formularizing
formulisation	formulization
formulisations	formulizations
formulise	formulize
formulised	formulized
formuliser	formulizer
formulises	formulizes
formulising	formulizing
fossilisable	fossilizable
fossilisation	fossilization
fossilisations	fossilizations
fossilise	fossilize
fossilised	fossilized
fossilises	fossilizes
fossilising	fossilizing
fractionalisation	fractionalization
fractionalisations	fractionalizations
fractionalise	fractionalize
fractionalised	fractionalized
fractionalises	fractionalizes
fractionalising	fractionalizing
fractionisation	fractionization
fractionisations	fractionizations
fractionise	fractionize
fractionised	fractionized
fractionises	fractionizes
fractionising	fractionizing
fragmentisation	fragmentization
fragmentise	fragmentize
fragmentised	fragmentized
fragmentiser	fragmentizer
fragmentises	fragmentizes
fragmentising	fragmentizing
fraternisation	fraternization
fraternisations	fraternizations
fraternise	fraternize
fraternised	fraternized
fraterniser	fraternizer
fraternisers	fraternizers
fraternises	fraternizes
fraternising	fraternizing
fuelled	fueled
fuelling	fueling
fulfil	fulfill
fulfilment	fulfillment
fulfilments	fulfillments
fulfils	fulfills
funnelled	funneled
funnelling	funneling
furore	furor
furores	furors
fustianise	fustianize
fustianised	fustianized
fustianises	fustianizes
fustianising	fustianizing
gaelicise	gaelicize
gaelicised	gaelicized
gaelicises	gaelicizes
gaelicising	gaelicizing
galactorrhoea	galactorrhea
galactorrhoeas	galactorrheas
galactosaemia	galactosemia
galactosaemias	galactosemias
galliardise	galliardize
gallicise	gallicize
gallicised	gallicized
gallicises	gallicizes
gallicising	gallicizing
gallise	gallize
gallised	gallized
gallises	gallizes
gallising	gallizing
gallisise	gallisize
gallisised	gallisized
gallisises	gallisizes
gallisising	gallisizing
galvanisation	galvanization
galvanisations	galvanizations
galvanise	galvanize
galvanised	galvanized
galvaniser	galvanizer
galvanisers	galvanizers
galvanises	galvanizes
galvanising	galvanizing
gambolled	gamboled
gambolling	gamboling
gargarise	gargarize
gargarised	gargarized
gargarises	gargarizes
gargarising	gargarizing
gelatinisation	gelatinization
gelatinisations	gelatinizations
gelatinise	gelatinize
gelatinised	gelatinized
gelatiniser	gelatinizer
gelatinisers	gelatinizers
gelatinises	gelatinizes
gelatinising	gelatinizing
gemmologies	gemologies
gemmology	gemology
genealogise	genealogize
genealogised	genealogized
genealogises	genealogizes
genealogising	genealogizing
generalisability	generalizability
generalisable	generalizable
generalisabler	generalizabler
generalisables	generalizables
generalisablest	generalizablest
generalisation	generalization
generalisations	generalizations
generalise	generalize
generalised	generalized
generaliser	generalizer
generalisers	generalizers
generalises	generalizes
generalising	generalizing
genialise	genialize
genialised	genialized
genialises	genializes
genialising	genializing
genteelise	genteelize
genteelised	genteelized
genteelises	genteelizes
genteelising	genteelizing
gentilise	gentilize
gentilised	gentilized
gentilises	gentilizes
gentilising	gentilizing
geologise	geologize
geologised	geologized
geologises	geologizes
geologising	geologizing
geometrisation	geometrization
geometrisations	geometrizations
geometrise	geometrize
geometrised	geometrized
geometrises	geometrizes
geometrising	geometrizing
germanisation	germanization
germanisations	germanizations
germanise	germanize
germanised	germanized
germaniser	germanizer
germanisers	germanizers
germanises	germanizes
germanising	germanizing
ghettoisation	ghettoization
ghettoisations	ghettoizations
ghettoise	ghettoize
ghettoised	ghettoized
ghettoises	ghettoizes
ghettoising	ghettoizing
gigametre	gigameter
gigametres	gigameters
glamorisation	glamorization
glamorise	glamorize
glamorised	glamorized
glamoriser	glamorizer
glamorisers	glamorizers
glamorises	glamorizes
glamorising	glamorizing
glauconitisation	glauconitization
glauconitisations	glauconitizations
globalisation	globalization
globalisations	globalizations
globalise	globalize
globalised	globalized
globalises	globalizes
globalising	globalizing
gluttonise	gluttonize
gluttonised	gluttonized
gluttonises	gluttonizes
gluttonising	gluttonizing
glycerine	glycerin
glycerines	glycerins
gnosticise	gnosticize
gnosticises	gnosticizes
gobbledegook	gobbledygook
gobbledegooks	gobbledygooks
goitre	goiter
goitres	goiters
goliathise	goliathize
goliathised	goliathized
goliathises	goliathizes
goliathising	goliathizing
gonorrhoea	gonorrhea
gonorrhoeal	gonorrheal
gonorrhoealer	gonorrhealer
gonorrhoealest	gonorrhealest
gonorrhoeas	gonorrheas
gonorrhoeic	gonorrheic
gorgonise	gorgonize
gorgonised	gorgonized
gorgonises	gorgonizes
gorgonising	gorgonizing
gormandise	gormandize
gormandised	gormandized
gormandiser	gormandizer
gormandisers	gormandizers
gormandises	gormandizes
gormandising	gormandizing
gormandisings	gormandizings
gospelise	gospelize
gospelised	gospelized
gospelises	gospelizes
gospelising	gospelizing
gospellise	gospellize
gospellised	gospellized
gospellises	gospellizes
gospellising	gospellizing
gothicise	gothicize
gothicised	gothicized
gothicises	gothicizes
gothicising	gothicizing
gourmandise	gourmandize
gourmandised	gourmandized
gourmandises	gourmandizes
gourmandising	gourmandizing
governmentalise	governmentalize
governmentalised	governmentalized
governmentalises	governmentalizes
governmentalising	governmentalizing
graecism	grecism
grammaticise	grammaticize
grammaticised	grammaticized
grammaticises	grammaticizes
grammaticising	grammaticizing
grangerisation	grangerization
grangerisations	grangerizations
grangerise	grangerize
grangerised	grangerized
grangerises	grangerizes
grangerising	grangerizing
granitisation	granitization
granitisations	granitizations
granitise	granitize
granitised	granitized
granitises	granitizes
granitising	granitizing
granulitisation	granulitization
granulitisations	granulitizations
graphitisable	graphitizable
graphitisation	graphitization
graphitisations	graphitizations
graphitise	graphitize
graphitised	graphitized
graphitises	graphitizes
graphitising	graphitizing
gravelled	graveled
gravelling	graveling
greisenisation	greisenization
greisenisations	greisenizations
greisenise	greisenize
greisenised	greisenized
greisenises	greisenizes
greisenising	greisenizing
grey	gray
greyed	grayed
greyer	grayer
greyest	grayest
greying	graying
greyish	grayish
greyness	grayness
greys	grays
grovelled	groveled
groveller	groveler
grovellers	grovelers
grovelling	groveling
grovellinglier	grovelinglier
grovellingliest	grovelingliest
grovellingly	grovelingly
groyne	groin
groyned	groined
groynes	groins
groyning	groining
gruelled	grueled
gruelling	grueling
gruellingly	gruelingly
gruellings	gruelings
gutturalisation	gutturalization
gutturalisations	gutturalizations
gutturalise	gutturalize
gutturalised	gutturalized
gutturalises	gutturalizes
gutturalising	gutturalizing
gybe	jibe
gybed	jibed
gybes	jibes
gybing	jibing
gynaecic	gynecic
gynaecocracies	gynecocracies
gynaecocracy	gynecocracy
gynaecocratic	gynecocratic
gynaecocraticer	gynecocraticer
gynaecocraticest	gynecocraticest
gynaecoid	gynecoid
gynaecologic	gynecologic
gynaecological	gynecological
gynaecologicaler	gynecologicaler
gynaecologicalest	gynecologicalest
gynaecologicals	gynecologicals
gynaecologicer	gynecologicer
gynaecologicest	gynecologicest
gynaecologics	gynecologics
gynaecologies	gynecologies
gynaecologist	gynecologist
gynaecologists	gynecologists
gynaecology	gynecology
gynaecomastia	gynecomastia
gynaecomastias	gynecomastias
gyrostabilisation	gyrostabilization
gyrostabilisations	gyrostabilizations
gyrostabiliser	gyrostabilizer
gyrostabilisers	gyrostabilizers
haem	heme
haemachrome	hemachrome
haemacytometer	hemacytometer
haemagglutinate	hemagglutinate
haemagglutinated	hemagglutinated
haemagglutinating	hemagglutinating
haemagglutination	hemagglutination
haemagglutinin	hemagglutinin
haemal	hemal
haemangioma	hemangioma
haemangiomas	hemangiomas
haemangiomata	hemangiomata
haematal	hematal
haematein	hematein
haematemesis	hematemesis
haematic	hematic
haematics	hematics
haematin	hematin
haematinic	hematinic
haematinics	hematinics
haematins	hematins
haematite	hematite
haematites	hematites
haematitic	hematitic
haematoblast	hematoblast
haematoblasts	hematoblasts
haematocele	hematocele
haematocrit	hematocrit
haematocrits	hematocrits
haematocryal	hematocryal
haematogeneses	hematogeneses
haematogenesis	hematogenesis
haematogenous	hematogenous
haematoid	hematoid
haematologic	hematologic
haematological	hematological
haematologies	hematologies
haematologist	hematologist
haematologists	hematologists
haematology	hematology
haematolysis	hematolysis
haematoma	hematoma
haematomas	hematomas
haematomata	hematomata
haematopoieses	hematopoieses
haematopoiesis	hematopoiesis
haematopoietic	hematopoietic
haematosis	hematosis
haematothermal	hematothermal
haematoxylin	hematoxylin
haematoxylins	hematoxylins
haematozoa	hematozoa
haematozoal	hematozoal
haematozoic	hematozoic
haematozoon	hematozoon
haematuria	hematuria
haematurias	hematurias
haemic	hemic
haemin	hemin
haemins	hemins
haemochromatoses	hemochromatoses
haemochromatosis	hemochromatosis
haemocoel	hemocoel
haemocoels	hemocoels
haemoconia	hemoconia
haemocyanin	hemocyanin
haemocyanins	hemocyanins
haemocyte	hemocyte
haemocytes	hemocytes
haemocytometer	hemocytometer
haemodialyses	hemodialyses
haemodialysis	hemodialysis
haemodilution	hemodilution
haemodynamic	hemodynamic
haemodynamics	hemodynamics
haemoflagellate	hemoflagellate
haemoglobin	hemoglobin
haemoglobinopathies	hemoglobinopathies
haemoglobinopathy	hemoglobinopathy
haemoglobinous	hemoglobinous
haemoglobinuria	hemoglobinuria
haemoid	hemoid
haemolysin	hemolysin
haemolysis	hemolysis
haemolytic	hemolytic
haemophilia	hemophilia
haemophiliac	hemophiliac
haemophiliacs	hemophiliacs
haemophilic	hemophilic
haemopoiesis	hemopoiesis
haemoptyses	hemoptyses
haemoptysis	hemoptysis
haemorrhage	hemorrhage
haemorrhaged	hemorrhaged
haemorrhages	hemorrhages
haemorrhaging	hemorrhaging
haemorrhoid	hemorrhoid
haemorrhoidal	hemorrhoidal
haemorrhoidectomy	hemorrhoidectomy
haemorrhoids	hemorrhoids
haemostases	hemostases
haemostasia	hemostasia
haemostasis	hemostasis
haemostatic	hemostatic
hansardise	hansardize
hansardised	hansardized
hansardises	hansardizes
hansardising	hansardizing
harbour	harbor
harbourage	harborage
harbourages	harborages
harboured	harbored
harbourer	harborer
harbourers	harborers
harbourful	harborful
harbouring	harboring
harbourless	harborless
harbourlesser	harborlesser
harbourlessest	harborlessest
harbours	harbors
harbourside	harborside
harmonisation	harmonization
harmonisations	harmonizations
harmonise	harmonize
harmonised	harmonized
harmoniser	harmonizer
harmonisers	harmonizers
harmonises	harmonizes
harmonising	harmonizing
haussmannisation	haussmannization
haussmannisations	haussmannizations
haussmannise	haussmannize
haussmannised	haussmannized
haussmannises	haussmannizes
haussmannising	haussmannizing
hazardise	hazardize
hazardises	hazardizes
heathenise	heathenize
heathenised	heathenized
heathenises	heathenizes
heathenising	heathenizing
hebraisation	hebraization
hebraisations	hebraizations
hebraise	hebraize
hebraised	hebraized
hebraises	hebraizes
hebraising	hebraizing
hectolitre	hectoliter
hectolitres	hectoliters
hectometre	hectometer
hectometres	hectometers
hellenise	hellenize
hellenised	hellenized
hellenises	hellenizes
hellenising	hellenizing
hepatisation	hepatization
hepatisations	hepatizations
hepatise	hepatize
hepatised	hepatized
hepatises	hepatizes
hepatising	hepatizing
herborisation	herborization
herborisations	herborizations
herborise	herborize
herborised	herborized
herborises	herborizes
herborising	herborizing
heroise	heroize
heroised	heroized
heroises	heroizes
heroising	heroizing
hexametrise	hexametrize
hexametrised	hexametrized
hexametrises	hexametrizes
hexametrising	hexametrizing
hibernicise	hibernicize
hibernicised	hibernicized
hibernicises	hibernicizes
hibernicising	hibernicizing
hibernisation	hibernization
hibernisations	hibernizations
hibernise	hibernize
hibernised	hibernized
hibernises	hibernizes
hibernising	hibernizing
hierarchise	hierarchize
hierarchised	hierarchized
hierarchising	hierarchizing
hispanicise	hispanicize
hispanicised	hispanicized
hispanicises	hispanicizes
hispanicising	hispanicizing
hispaniolise	hispaniolize
hispaniolised	hispaniolized
hispaniolises	hispaniolizes
hispaniolising	hispaniolizing
historicise	historicize
historicised	historicized
historicises	historicizes
historicising	historicizing
hominisation	hominization
hominised	hominized
homogenisation	homogenization
homogenisations	homogenizations
homogenise	homogenize
homogenised	homogenized
homogeniser	homogenizer
homogenisers	homogenizers
homogenises	homogenizes
homogenising	homogenizing
homologise	homologize
homologised	homologized
homologiser	homologizer
homologisers	homologizers
homologises	homologizes
homologising	homologizing
honour	honor
honourabilities	honorabilities
honourability	honorability
honourable	honorable
honourableness	honorableness
honourablenesses	honorablenesses
honourabler	honorabler
honourables	honorables
honourablest	honorablest
honourablier	honorablier
honourablies	honorablies
honourabliest	honorabliest
honourably	honorably
honoured	honored
honouree	honoree
honourees	honorees
honourer	honorer
honourers	honorers
honouring	honoring
honourless	honorless
honourlesser	honorlesser
honourlessest	honorlessest
honours	honors
hospitalisation	hospitalization
hospitalisations	hospitalizations
hospitalise	hospitalize
hospitalised	hospitalized
hospitalises	hospitalizes
hospitalising	hospitalizing
humanisation	humanization
humanisations	humanizations
humanise	humanize
humanised	humanized
humaniser	humanizer
humanisers	humanizers
humanises	humanizes
humanising	humanizing
humour	humor
humoured	humored
humourful	humorful
humouring	humoring
humourless	humorless
humourlesser	humorlesser
humourlessest	humorlessest
humourlessness	humorlessness
humourlessnesses	humorlessnesses
humours	humors
humoursome	humorsome
humoursomeness	humorsomeness
hyalinisation	hyalinization
hyalinisations	hyalinizations
hyalinise	hyalinize
hyalinised	hyalinized
hyalinises	hyalinizes
hyalinising	hyalinizing
hybridisable	hybridizable
hybridisabler	hybridizabler
hybridisables	hybridizables
hybridisablest	hybridizablest
hybridisation	hybridization
hybridisations	hybridizations
hybridise	hybridize
hybridised	hybridized
hybridiser	hybridizer
hybridisers	hybridizers
hybridises	hybridizes
hybridising	hybridizing
hydraemia	hydremia
hydraemias	hydremias
hydrogenisation	hydrogenization
hydrogenisations	hydrogenizations
hydrogenise	hydrogenize
hydrogenised	hydrogenized
hydrogenises	hydrogenizes
hydrogenising	hydrogenizing
hydrolysable	hydrolyzable
hydrolysation	hydrolyzation
hydrolyse	hydrolyze
hydrolysed	hydrolyzed
hydrolysing	hydrolyzing
hypaesthesia	hypesthesia
hypaesthesias	hypesthesias
hypaesthesic	hypesthesic
hyperaemia	hyperemia
hyperaemias	hyperemias
hyperaemic	hyperemic
hyperaesthesia	hyperesthesia
hyperaesthesias	hyperesthesias
hyperaesthetic	hyperesthetic
hyperaestheticer	hyperestheticer
hyperaestheticest	hyperestheticest
hyperbolise	hyperbolize
hyperbolised	hyperbolized
hyperbolises	hyperbolizes
hyperbolising	hyperbolizing
hypercalcaemia	hypercalcemia
hypercalcaemias	hypercalcemias
hypercholesterolaemia	hypercholesterolemia
hypercholesterolaemias	hypercholesterolemias
hypercivilised	hypercivilized
hyperciviliseds	hypercivilizeds
hypercriticise	hypercriticize
hypercriticised	hypercriticized
hypercriticises	hypercriticizes
hypercriticising	hypercriticizing
hyperglycaemic	hyperglycemic
hyperimmunisation	hyperimmunization
hyperimmunisations	hyperimmunizations
hyperimmunise	hyperimmunize
hyperimmunises	hyperimmunizes
hyperlipaemia	hyperlipemia
hyperlipaemic	hyperlipemic
hyperlipidaemia	hyperlipidemia
hypernatraemia	hypernatremia
hypersensitisation	hypersensitization
hypersensitisations	hypersensitizations
hypersensitise	hypersensitize
hypersensitised	hypersensitized
hypersensitises	hypersensitizes
hypersensitising	hypersensitizing
hyphenisation	hyphenization
hyphenisations	hyphenizations
hyphenise	hyphenize
hyphenised	hyphenized
hyphenises	hyphenizes
hyphenising	hyphenizing
hypnoidise	hypnoidize
hypnoidised	hypnoidized
hypnoidises	hypnoidizes
hypnoidising	hypnoidizing
hypnopaedia	hypnopedia
hypnopaedias	hypnopedias
hypnotisability	hypnotizability
hypnotisable	hypnotizable
hypnotisabler	hypnotizabler
hypnotisables	hypnotizables
hypnotisablest	hypnotizablest
hypnotisation	hypnotization
hypnotisations	hypnotizations
hypnotise	hypnotize
hypnotised	hypnotized
hypnotiser	hypnotizer
hypnotisers	hypnotizers
hypnotises	hypnotizes
hypnotising	hypnotizing
hypocentre	hypocenter
hypocentres	hypocenters
hypomagnesaemia	hypomagnesemia
hypomagnesaemias	hypomagnesemias
hypomenorrhoea	hypomenorrhea
hypomenorrhoeas	hypomenorrheas
hypophysectomise	hypophysectomize
hypophysectomised	hypophysectomized
hyposensitisation	hyposensitization
hyposensitise	hyposensitize
hypostasise	hypostasize
hypostasised	hypostasized
hypostasises	hypostasizes
hypostasising	hypostasizing
hypostatisation	hypostatization
hypostatisations	hypostatizations
hypostatise	hypostatize
hypostatised	hypostatized
hypostatises	hypostatizes
hypostatising	hypostatizing
hypothesise	hypothesize
hypothesised	hypothesized
hypothesiser	hypothesizer
hypothesisers	hypothesizers
hypothesises	hypothesizes
hypothesising	hypothesizing
hypothetise	hypothetize
hypothetised	hypothetized
hypothetises	hypothetizes
hypothetising	hypothetizing
hypoxaemia	hypoxemia
hypoxaemias	hypoxemias
hypoxaemic	hypoxemic
hysterectomise	hysterectomize
hysterectomised	hysterectomized
hysterectomises	hysterectomizes
hysterectomising	hysterectomizing
iconise	iconize
iconised	iconized
iconises	iconizes
iconising	iconizing
idealisation	idealization
idealisations	idealizations
idealise	idealize
idealised	idealized
idealiser	idealizer
idealisers	idealizers
idealises	idealizes
idealising	idealizing
ideologise	ideologize
ideologised	ideologized
ideologising	ideologizing
idolatrise	idolatrize
idolatrised	idolatrized
idolatrises	idolatrizes
idolatrising	idolatrizing
idolisation	idolization
idolisations	idolizations
idolise	idolize
idolised	idolized
idoliser	idolizer
idolisers	idolizers
idolises	idolizes
idolising	idolizing
illegalisation	illegalization
illegalisations	illegalizations
illegalise	illegalize
illegalised	illegalized
illegalises	illegalizes
illegalising	illegalizing
illiberalise	illiberalize
illiberalised	illiberalized
illiberalises	illiberalizes
illiberalising	illiberalizing
immaterialise	immaterialize
immaterialised	immaterialized
immaterialises	immaterializes
immaterialising	immaterializing
immiserisation	immiserization
immiserisations	immiserizations
immiserise	immiserize
immiserised	immiserized
immiserises	immiserizes
immiserising	immiserizing
immobilisation	immobilization
immobilisations	immobilizations
immobilise	immobilize
immobilised	immobilized
immobiliser	immobilizer
immobilisers	immobilizers
immobilises	immobilizes
immobilising	immobilizing
immortalisation	immortalization
immortalisations	immortalizations
immortalise	immortalize
immortalised	immortalized
immortaliser	immortalizer
immortalisers	immortalizers
immortalises	immortalizes
immortalising	immortalizing
immunisation	immunization
immunisations	immunizations
immunise	immunize
immunised	immunized
immuniser	immunizer
immunises	immunizes
immunising	immunizing
impanelled	impaneled
impanelling	impaneling
imperialise	imperialize
imperialised	imperialized
imperialises	imperializes
imperialising	imperializing
imperilled	imperiled
imperilling	imperiling
impersonalisation	impersonalization
impersonalisations	impersonalizations
impersonalise	impersonalize
impersonalised	impersonalized
impersonalises	impersonalizes
impersonalising	impersonalizing
incentivisation	incentivization
incentivisations	incentivizations
incentivise	incentivize
incentivised	incentivized
incentiviser	incentivizer
incentivisers	incentivizers
incentivises	incentivizes
incentivising	incentivizing
incentre	incenter
incentres	incenters
incognisable	incognizable
incognisance	incognizance
incognisances	incognizances
incognisant	incognizant
indigenisation	indigenization
indigenisations	indigenizations
indigenise	indigenize
indigenised	indigenized
indigenises	indigenizes
indigenising	indigenizing
individualisation	individualization
individualisations	individualizations
individualise	individualize
individualised	individualized
individualiser	individualizer
individualisers	individualizers
individualises	individualizes
individualising	individualizing
indraught	indraft
indraughts	indrafts
industrialisation	industrialization
industrialisations	industrializations
industrialise	industrialize
industrialised	industrialized
industrialises	industrializes
industrialising	industrializing
infamise	infamize
infamised	infamized
infamises	infamizes
infamising	infamizing
infamonise	infamonize
infamonised	infamonized
infamonises	infamonizes
infamonising	infamonizing
inflexion	inflection
inflexions	inflections
initialisation	initialization
initialisations	initializations
initialise	initialize
initialised	initialized
initialiser	initializer
initialisers	initializers
initialises	initializes
initialising	initializing
initialled	initialed
initialling	initialing
inorganisation	inorganization
inorganisations	inorganizations
inorganised	inorganized
insolubilisation	insolubilization
insolubilise	insolubilize
insolubilised	insolubilized
insolubilises	insolubilizes
insolubilising	insolubilizing
instalment	installment
instalments	installments
instil	instill
instils	instills
institutionalisation	institutionalization
institutionalisations	institutionalizations
institutionalise	institutionalize
institutionalised	institutionalized
institutionalises	institutionalizes
institutionalising	institutionalizing
intellectualisation	intellectualization
intellectualisations	intellectualizations
intellectualise	intellectualize
intellectualised	intellectualized
intellectualiser	intellectualizer
intellectualisers	intellectualizers
intellectualises	intellectualizes
intellectualising	intellectualizing
interiorisation	interiorization
interiorise	interiorize
interiorised	interiorized
interiorises	interiorizes
interiorising	interiorizing
internalisation	internalization
internalisations	internalizations
internalise	internalize
internalised	internalized
internalises	internalizes
internalising	internalizing
internationalisation	internationalization
internationalisations	internationalizations
internationalise	internationalize
internationalised	internationalized
internationalises	internationalizes
internationalising	internationalizing
interorganisational	interorganizational
iodisation	iodization
iodise	iodize
iodised	iodized
iodiser	iodizer
iodisers	iodizers
iodises	iodizes
iodising	iodizing
ionisable	ionizable
ionisabler	ionizabler
ionisables	ionizables
ionisablest	ionizablest
ionisation	ionization
ionisations	ionizations
ionise	ionize
ionised	ionized
ionises	ionizes
ionising	ionizing
ionisings	ionizings
iridisation	iridization
iridisations	iridizations
iridise	iridize
iridised	iridized
iridises	iridizes
iridising	iridizing
ironise	ironize
ironised	ironized
ironises	ironizes
ironising	ironizing
irrationalise	irrationalize
irrationalised	irrationalized
irrationalises	irrationalizes
irrationalising	irrationalizing
irrealisable	irrealizable
irrecognisable	irrecognizable
ischaemia	ischemia
ischaemias	ischemias
ischaemic	ischemic
ischaemics	ischemics
isochronise	isochronize
isochronised	isochronized
isochronises	isochronizes
isochronising	isochronizing
isoimmunisation	isoimmunization
isoimmunisations	isoimmunizations
isomerisation	isomerization
isomerisations	isomerizations
isomerise	isomerize
isomerised	isomerized
isomerises	isomerizes
isomerising	isomerizing
italianise	italianize
italianised	italianized
italianises	italianizes
italianising	italianizing
italicisation	italicization
italicisations	italicizations
italicise	italicize
italicised	italicized
italicises	italicizes
italicising	italicizing
itemisation	itemization
itemisations	itemizations
itemise	itemize
itemised	itemized
itemiser	itemizer
itemisers	itemizers
itemises	itemizes
itemising	itemizing
jargonisation	jargonization
jargonisations	jargonizations
jargonise	jargonize
jargonised	jargonized
jargonises	jargonizes
jargonising	jargonizing
jasperise	jasperize
jasperised	jasperized
jasperises	jasperizes
jasperising	jasperizing
jeopardise	jeopardize
jeopardised	jeopardized
jeopardises	jeopardizes
jeopardising	jeopardizing
jewelled	jeweled
jeweller	jeweler
jewellers	jewelers
jewellery	jewelry
jewelling	jeweling
journalisation	journalization
journalisations	journalizations
journalise	journalize
journalised	journalized
journaliser	journalizer
journalisers	journalizers
journalises	journalizes
journalising	journalizing
judaiser	judaizer
judgement	judgment
judgemental	judgmental
judgementaler	judgmentaler
judgementalest	judgmentalest
judgements	judgments
jumboise	jumboize
jumboised	jumboized
jumboises	jumboizes
jumboising	jumboizing
juvenilise	juvenilize
juvenilises	juvenilizes
kaftan	caftan
kaftans	caftans
kaolinise	kaolinize
kaolinised	kaolinized
kaolinises	kaolinizes
kaolinising	kaolinizing
kennelled	kenneled
kennelling	kenneling
keratinisation	keratinization
keratinisations	keratinizations
keratinise	keratinize
keratinised	keratinized
keratinises	keratinizes
keratinising	keratinizing
kerb	curb
kerbed	curbed
kerbing	curbing
kerbs	curbs
kerbside	curbside
kilolitre	kiloliter
kilolitres	kiloliters
kilometre	kilometer
kilometres	kilometers
kinaestheses	kinestheses
kinaesthesia	kinesthesia
kinaesthesias	kinesthesias
kinaesthesis	kinesthesis
kinaesthetic	kinesthetic
kinaestheticallier	kinestheticallier
kinaestheticalliest	kinestheticalliest
kinaesthetically	kinesthetically
kinaestheticer	kinestheticer
kinaestheticest	kinestheticest
kinaesthetics	kinesthetics
kindergartener	kindergartner
kindergarteners	kindergartners
kyanise	kyanize
kyanised	kyanized
kyanises	kyanizes
kyanising	kyanizing
labelled	labeled
labeller	labeler
labellers	labelers
labelling	labeling
labialisation	labialization
labialisations	labializations
labialise	labialize
labialised	labialized
labialises	labializes
labialising	labializing
labour	labor
laboured	labored
labourer	laborer
labourers	laborers
labouring	laboring
labourings	laborings
labourism	laborism
labourisms	laborisms
labourist	laborist
labourists	laborists
labourite	laborite
labourites	laborites
labours	labors
laboursaving	laborsaving
laboursome	laborsome
lacklustre	lackluster
lacklustrer	lacklusterrer
lacklustres	lacklusters
lacklustrest	lacklusterrest
laicisation	laicization
laicisations	laicizations
laicise	laicize
laicised	laicized
laicises	laicizes
laicising	laicizing
lairise	lairize
lairised	lairized
lairises	lairizes
lairising	lairizing
laminarise	laminarize
laminarised	laminarized
laminarises	laminarizes
laminarising	laminarizing
lateralisation	lateralization
lateralisations	lateralizations
lateralise	lateralize
lateralises	lateralizes
laterisation	laterization
laterisations	laterizations
latinise	latinize
learnt	learned
legalisation	legalization
legalisations	legalizations
legalise	legalize
legalised	legalized
legalises	legalizes
legalising	legalizing
legitimatise	legitimatize
legitimatised	legitimatized
legitimatises	legitimatizes
legitimatising	legitimatizing
legitimisation	legitimization
legitimisations	legitimizations
legitimise	legitimize
legitimised	legitimized
legitimiser	legitimizer
legitimises	legitimizes
legitimising	legitimizing
lemmatise	lemmatize
lemmatised	lemmatized
lemmatises	lemmatizes
lemmatising	lemmatizing
lethargise	lethargize
lethargised	lethargized
lethargises	lethargizes
lethargising	lethargizing
leucaemia	leucemia
leucaemias	leucemias
leucaemic	leucemic
leuchaemia	leuchemia
leucocythaemia	leucocythemia
leucorrhoea	leucorrhea
leucorrhoeas	leucorrheas
leukaemia	leukemia
leukaemias	leukemias
leukorrhoea	leukorrhea
leukorrhoeal	leukorrheal
levelled	leveled
leveller	leveler
levellers	levelers
levellest	levelest
levelling	leveling
lexicalisation	lexicalization
lexicalisations	lexicalizations
libelled	libeled
libeller	libeler
libellers	libelers
libelling	libeling
libellous	libelous
libellouser	libelouser
libellousest	libelousest
libellouslier	libelouslier
libellousliest	libelousliest
libellously	libelously
liberalisation	liberalization
liberalisations	liberalizations
liberalise	liberalize
liberalised	liberalized
liberaliser	liberalizer
liberalisers	liberalizers
liberalises	liberalizes
liberalising	liberalizing
licence	license
licences	licenses
likeabilities	likabilities
likeability	likability
likeable	likable
likeableness	likableness
likeablenesses	likablenesses
linearisation	linearization
linearisations	linearizations
linearise	linearize
linearised	linearized
linearises	linearizes
linearising	linearizing
lionisation	lionization
lionisations	lionizations
lionise	lionize
lionised	lionized
lioniser	lionizer
lionisers	lionizers
lionises	lionizes
lionising	lionizing
lipaemia	lipemia
lipaemic	lipemic
liquidise	liquidize
liquidised	liquidized
liquidiser	liquidizer
liquidisers	liquidizers
liquidises	liquidizes
liquidising	liquidizing
liquorice	licorice
lissom	lissome
lissomness	lissomeness
lissomnesses	lissomenesses
literalisation	literalization
literalisations	literalizations
literalise	literalize
literalised	literalized
literaliser	literalizer
literalisers	literalizers
literalises	literalizes
literalising	literalizing
lithaemia	lithemia
lithaemic	lithemic
lithotritise	lithotritize
lithotritised	lithotritized
lithotritises	lithotritizes
lithotritising	lithotritizing
litre	liter
litres	liters
liveable	livable
lobotomise	lobotomize
lobotomised	lobotomized
lobotomises	lobotomizes
lobotomising	lobotomizing
localisable	localizable
localisabler	localizabler
localisables	localizables
localisablest	localizablest
localisation	localization
localisations	localizations
localise	localize
localised	localized
localiser	localizer
localisers	localizers
localises	localizes
localising	localizing
logicise	logicize
logicised	logicized
logicises	logicizes
logicising	logicizing
logopaedic	logopedic
logopaedics	logopedics
logorrhoea	logorrhea
logorrhoeas	logorrheas
louvre	louver
louvred	louvered
louvres	louvers
lupin	lupine
lupins	lupines
lustre	luster
lustred	lustered
lustreless	lusterless
lustrelesser	lusterlesser
lustrelessest	lusterlessest
lustres	lusters
lustreware	lusterware
lustrewares	lusterwares
lustring	lustering
luteinisation	luteinization
luteinisations	luteinizations
luteinise	luteinize
luteinised	luteinized
luteinises	luteinizes
luteinising	luteinizing
lyophilisation	lyophilization
lyophilisations	lyophilizations
lyophilise	lyophilize
lyophilised	lyophilized
lyophiliser	lyophilizer
lyophilises	lyophilizes
lyophilising	lyophilizing
lyricise	lyricize
lyricised	lyricized
lyricises	lyricizes
lyricising	lyricizing
lysogenisation	lysogenization
lysogenise	lysogenize
lysogenised	lysogenized
lysogenises	lysogenizes
lysogenising	lysogenizing
macadamisation	macadamization
macadamisations	macadamizations
macadamise	macadamize
macadamised	macadamized
macadamises	macadamizes
macadamising	macadamizing
macarise	macarize
macarised	macarized
macarises	macarizes
macarising	macarizing
maderisation	maderization
maderisations	maderizations
maderise	maderize
maderised	maderized
maderises	maderizes
maderising	maderizing
magnetisable	magnetizable
magnetisables	magnetizables
magnetisation	magnetization
magnetisations	magnetizations
magnetise	magnetize
magnetised	magnetized
magnetiser	magnetizer
magnetisers	magnetizers
magnetises	magnetizes
magnetising	magnetizing
mainprise	mainprize
malodours	malodors
manoeuvrabilities	maneuverabilities
manoeuvrability	maneuverability
manoeuvrable	maneuverable
manoeuvrabler	maneuverabler
manoeuvrablest	maneuverablest
manoeuvre	maneuver
manoeuvred	maneuvered
manoeuvrer	maneuverer
manoeuvrers	maneuverers
manoeuvres	maneuvers
manoeuvring	maneuvering
manoeuvrings	maneuverings
marbleise	marbleize
marbleised	marbleized
marbleises	marbleizes
marbleising	marbleizing
marginalisation	marginalization
marginalise	marginalize
marginalised	marginalized
marginalises	marginalizes
marginalising	marginalizing
marmarise	marmarize
marmarised	marmarized
marmarises	marmarizes
marmarising	marmarizing
marmelise	marmelize
marmelised	marmelized
marmelises	marmelizes
marmelising	marmelizing
marshalled	marshaled
marshalling	marshaling
martyrisation	martyrization
martyrisations	martyrizations
martyrise	martyrize
martyrised	martyrized
martyrises	martyrizes
martyrising	martyrizing
marvelled	marveled
marvelling	marveling
marvellous	marvelous
marvellouser	marvelouser
marvellousest	marvelousest
marvellouslier	marvelouslier
marvellousliest	marvelousliest
marvellously	marvelously
marvellousness	marvelousness
marvellousnesses	marvelousnesses
masculinisation	masculinization
masculinisations	masculinizations
masculinise	masculinize
masculinised	masculinized
masculinises	masculinizes
masculinising	masculinizing
materialisation	materialization
materialisations	materializations
materialise	materialize
materialised	materialized
materialiser	materializer
materialisers	materializers
materialises	materializes
materialising	materializing
mathematicise	mathematicize
mathematicised	mathematicized
mathematicises	mathematicizes
mathematicising	mathematicizing
mathematisation	mathematization
mathematisations	mathematizations
mathematise	mathematize
mathematised	mathematized
mathematises	mathematizes
mathematising	mathematizing
maths	math
matronise	matronize
matronised	matronized
matronises	matronizes
matronising	matronizing
matts	mats
maximisation	maximization
maximisations	maximizations
maximise	maximize
maximised	maximized
maximiser	maximizer
maximisers	maximizers
maximises	maximizes
maximising	maximizing
meagre	meager
meagrely	meagerly
meagreness	meagerness
meagrenesses	meagernesses
meagrer	meagerrer
meagrest	meagerrest
mechanisable	mechanizable
mechanisation	mechanization
mechanisations	mechanizations
mechanise	mechanize
mechanised	mechanized
mechaniser	mechanizer
mechanisers	mechanizers
mechanises	mechanizes
mechanising	mechanizing
medallist	medalist
medallists	medalists
mediatisation	mediatization
mediatisations	mediatizations
mediatise	mediatize
mediatised	mediatized
mediatises	mediatizes
mediatising	mediatizing
medicalisation	medicalization
medicalisations	medicalizations
medicalise	medicalize
medicalised	medicalized
medicalises	medicalizes
medicalising	medicalizing
melanaemia	melanemia
melanisation	melanization
melanise	melanize
melanised	melanized
melanises	melanizes
melanising	melanizing
melodise	melodize
melodised	melodized
melodiser	melodizer
melodises	melodizes
melodising	melodizing
melodramatisation	melodramatization
melodramatise	melodramatize
melodramatised	melodramatized
melodramatises	melodramatizes
melodramatising	melodramatizing
memoisation	memoization
memoisations	memoizations
memoise	memoize
memoised	memoized
memoiser	memoizer
memoisers	memoizers
memoises	memoizes
memoising	memoizing
memorialisation	memorialization
memorialisations	memorializations
memorialise	memorialize
memorialised	memorialized
memorialiser	memorializer
memorialisers	memorializers
memorialises	memorializes
memorialising	memorializing
memorisable	memorizable
memorisation	memorization
memorisations	memorizations
memorise	memorize
memorised	memorized
memoriser	memorizer
memorisers	memorizers
memorises	memorizes
memorising	memorizing
menorrhoea	menorrhea
menorrhoeas	menorrheas
mercerisation	mercerization
mercerisations	mercerizations
mercerise	mercerize
mercerised	mercerized
merceriser	mercerizer
mercerisers	mercerizers
mercerises	mercerizes
mercerising	mercerizing
mercurialisation	mercurialization
mercurialisations	mercurializations
mercurialise	mercurialize
mercurialised	mercurialized
mercurialises	mercurializes
mercurialising	mercurializing
mercurise	mercurize
mercurised	mercurized
mercurises	mercurizes
mercurising	mercurizing
mesmerisation	mesmerization
mesmerisations	mesmerizations
mesmerise	mesmerize
mesmerised	mesmerized
mesmeriser	mesmerizer
mesmerisers	mesmerizers
mesmerises	mesmerizes
mesmerising	mesmerizing
mesprise	mesprize
mesprises	mesprizes
metabolisable	metabolizable
metabolisables	metabolizables
metabolise	metabolize
metabolised	metabolized
metabolises	metabolizes
metabolising	metabolizing
metacentre	metacenter
metacentres	metacenters
metagrabolise	metagrabolize
metagrabolised	metagrabolized
metagrabolises	metagrabolizes
metagrabolising	metagrabolizing
metagrobolise	metagrobolize
metagrobolised	metagrobolized
metagrobolises	metagrobolizes
metagrobolising	metagrobolizing
metalled	metaled
metalling	metaling
metallisation	metalization
metallisations	metalizations
metallise	metalize
metallised	metalized
metallises	metalizes
metallising	metalizing
metallization	metalization
metallizations	metalizations
metallize	metalize
metallized	metalized
metallizes	metalizes
metallizing	metalizing
metastasise	metastasize
metastasised	metastasized
metastasises	metastasizes
metastasising	metastasizing
metathesise	metathesize
metathesised	metathesized
metathesises	metathesizes
metathesising	metathesizing
methaemoglobin	methemoglobin
methodisation	methodization
methodisations	methodizations
methodise	methodize
methodised	methodized
methodiser	methodizer
methodisers	methodizers
methodises	methodizes
methodising	methodizing
metoestrus	metestrus
metre	meter
metres	meters
metricise	metricize
metricised	metricized
metricises	metricizes
metricising	metricizing
metropolitanisation	metropolitanization
metropolitanise	metropolitanize
metropolitanised	metropolitanized
metropolitanises	metropolitanizes
metropolitanising	metropolitanizing
miaow	meow
miaowed	meowed
miaowing	meowing
miaows	meows
microlitre	microliter
microlitres	microliters
micrometre	micrometer
micrometres	micrometers
micromillimetre	micromillimeter
micromillimetres	micromillimeters
microminiaturisation	microminiaturization
microminiaturisations	microminiaturizations
microminiaturise	microminiaturize
microminiaturised	microminiaturized
microminiaturises	microminiaturizes
microminiaturising	microminiaturizing
micronise	micronize
micronises	micronizes
micropalaeontologies	micropaleontologies
micropalaeontologist	micropaleontologist
micropalaeontologists	micropaleontologists
micropalaeontology	micropaleontology
militarisation	militarization
militarisations	militarizations
militarise	militarize
militarised	militarized
militarises	militarizes
militarising	militarizing
millilitre	milliliter
millilitres	milliliters
millimetre	millimeter
millimetres	millimeters
mineralisable	mineralizable
mineralisation	mineralization
mineralisations	mineralizations
mineralise	mineralize
mineralised	mineralized
mineraliser	mineralizer
mineralisers	mineralizers
mineralises	mineralizes
mineralising	mineralizing
mineralogise	mineralogize
mineralogised	mineralogized
mineralogises	mineralogizes
mineralogising	mineralogizing
miniaturisation	miniaturization
miniaturisations	miniaturizations
miniaturise	miniaturize
miniaturised	miniaturized
miniaturises	miniaturizes
miniaturising	miniaturizing
minimisation	minimization
minimisations	minimizations
minimise	minimize
minimised	minimized
minimiser	minimizer
minimisers	minimizers
minimises	minimizes
minimising	minimizing
misadvise	misadvize
misalphabetise	misalphabetize
misalphabetises	misalphabetizes
misbehaviour	misbehavior
misbehaviours	misbehaviors
mischaracterisation	mischaracterization
mischaracterisations	mischaracterizations
mischaracterise	mischaracterize
mischaracterises	mischaracterizes
miscolour	miscolor
miscoloured	miscolored
miscolouring	miscoloring
miscolours	miscolors
misdemeanour	misdemeanor
misdemeanours	misdemeanors
misemphasise	misemphasize
misemphasises	misemphasizes
misjudgement	misjudgment
misjudgements	misjudgments
mislabelled	mislabeled
mislabelling	mislabeling
mislabour	mislabor
mislaboured	mislabored
mislabouring	mislaboring
mislabours	mislabors
mispriser	misprizer
missionarise	missionarize
missionarised	missionarized
missionarises	missionarizes
missionarising	missionarizing
missionisation	missionization
missionise	missionize
missionised	missionized
missioniser	missionizer
missionisers	missionizers
missionises	missionizes
missionising	missionizing
mithridatise	mithridatize
mithridatised	mithridatized
mithridatises	mithridatizes
mithridatising	mithridatizing
mitre	miter
mitred	mitered
mitres	miters
mitrewort	miterwort
mitreworts	miterworts
mitring	mitering
mobilisable	mobilizable
mobilisabler	mobilizabler
mobilisables	mobilizables
mobilisablest	mobilizablest
mobilisation	mobilization
mobilisations	mobilizations
mobilise	mobilize
mobilised	mobilized
mobiliser	mobilizer
mobilisers	mobilizers
mobilises	mobilizes
mobilising	mobilizing
modelled	modeled
modeller	modeler
modellers	modelers
modelling	modeling
modellings	modelings
modernisation	modernization
modernisations	modernizations
modernise	modernize
modernised	modernized
moderniser	modernizer
modernisers	modernizers
modernises	modernizes
modernising	modernizing
modularisation	modularization
modularisations	modularizations
modularise	modularize
modularised	modularized
modulariser	modularizer
modularisers	modularizers
modularises	modularizes
modularising	modularizing
moggie	moggy
moisturise	moisturize
moisturised	moisturized
moisturiser	moisturizer
moisturisers	moisturizers
moisturises	moisturizes
moisturising	moisturizing
mollusc	mollusk
molluscs	mollusks
molochise	molochize
molochised	molochized
molochises	molochizes
molochising	molochizing
monarchise	monarchize
monarchised	monarchized
monarchises	monarchizes
monarchising	monarchizing
monetisation	monetization
monetisations	monetizations
monetise	monetize
monetised	monetized
monetises	monetizes
monetising	monetizing
mongrelisation	mongrelization
mongrelisations	mongrelizations
mongrelise	mongrelize
mongrelised	mongrelized
mongrelises	mongrelizes
mongrelising	mongrelizing
monoestrous	monestrous
monologise	monologize
monologised	monologized
monologises	monologizes
monologising	monologizing
monologuise	monologuize
monologuised	monologuized
monologuises	monologuizes
monologuising	monologuizing
monophthongise	monophthongize
monophthongised	monophthongized
monophthongises	monophthongizes
monophthongising	monophthongizing
monopolisation	monopolization
monopolisations	monopolizations
monopolise	monopolize
monopolised	monopolized
monopoliser	monopolizer
monopolisers	monopolizers
monopolises	monopolizes
monopolising	monopolizing
monumentalise	monumentalize
monumentalised	monumentalized
monumentalises	monumentalizes
monumentalising	monumentalizing
moralisation	moralization
moralisations	moralizations
moralise	moralize
moralised	moralized
moraliser	moralizer
moralisers	moralizers
moralises	moralizes
moralising	moralizing
moralisinglies	moralizinglies
moralisingly	moralizingly
mortalise	mortalize
mortalised	mortalized
mortalises	mortalizes
mortalising	mortalizing
motorisation	motorization
motorisations	motorizations
motorise	motorize
motorised	motorized
motorises	motorizes
motorising	motorizing
mould	mold
moulded	molded
moulder	molder
mouldered	moldered
mouldering	moldering
moulders	molders
mouldier	moldier
mouldiest	moldiest
moulding	molding
mouldings	moldings
moulds	molds
mouldy	moldy
moult	molt
moulted	molted
moulting	molting
moults	molts
moustache	mustache
moustached	mustached
moustaches	mustaches
multicolour	multicolor
multicoloured	multicolored
multicolouredder	multicoloredder
multicoloureddest	multicoloreddest
multicolours	multicolors
multilevelled	multileveled
multistorey	multistory
municipalisation	municipalization
municipalisations	municipalizations
municipalise	municipalize
municipalised	municipalized
municipalises	municipalizes
municipalising	municipalizing
musicalisation	musicalization
musicalisations	musicalizations
musicalise	musicalize
musicalised	musicalized
musicalises	musicalizes
musicalising	musicalizing
mutagenise	mutagenize
mutagenised	mutagenized
mutagenises	mutagenizes
mutagenising	mutagenizing
mutualisation	mutualization
mutualisations	mutualizations
mutualise	mutualize
mutualised	mutualized
mutualises	mutualizes
mutualising	mutualizing
myelinisation	myelinization
myelinisations	myelinizations
mylonitisation	mylonitization
mylonitisations	mylonitizations
mylonitise	mylonitize
mylonitised	mylonitized
mylonitises	mylonitizes
mylonitising	mylonitizing
mynah	myna
mynahes	mynas
myriametre	myriameter
mythicisation	mythicization
mythicise	mythicize
mythicised	mythicized
mythiciser	mythicizer
mythicisers	mythicizers
mythicises	mythicizes
mythicising	mythicizing
mythise	mythize
mythised	mythized
mythises	mythizes
mythising	mythizing
mythologisation	mythologization
mythologisations	mythologizations
mythologise	mythologize
mythologised	mythologized
mythologiser	mythologizer
mythologisers	mythologizers
mythologises	mythologizes
mythologising	mythologizing
mythopoeic	mythopeic
myxoedema	myxedema
myxoedemas	myxedemas
myxoedematous	myxedematous
nanisation	nanization
nanisations	nanizations
nanometre	nanometer
nanometres	nanometers
naphthalise	naphthalize
naphthalised	naphthalized
naphthalises	naphthalizes
naphthalising	naphthalizing
narcotisation	narcotization
narcotisations	narcotizations
narcotise	narcotize
narcotised	narcotized
narcotises	narcotizes
narcotising	narcotizing
nasalisation	nasalization
nasalisations	nasalizations
nasalise	nasalize
nasalised	nasalized
nasalises	nasalizes
nasalising	nasalizing
nationalisation	nationalization
nationalisations	nationalizations
nationalise	nationalize
nationalised	nationalized
nationaliser	nationalizer
nationalisers	nationalizers
nationalises	nationalizes
nationalising	nationalizing
naturalisation	naturalization
naturalisations	naturalizations
naturalise	naturalize
naturalised	naturalized
naturaliser	naturalizer
naturalisers	naturalizers
naturalises	naturalizes
naturalising	naturalizing
nebulisation	nebulization
nebulisations	nebulizations
nebulise	nebulize
nebulised	nebulized
nebuliser	nebulizer
nebulisers	nebulizers
nebulises	nebulizes
nebulising	nebulizing
necrotise	necrotize
necrotised	necrotized
necrotises	necrotizes
necrotising	necrotizing
neighbour	neighbor
neighboured	neighbored
neighbourhood	neighborhood
neighbourhoods	neighborhoods
neighbouring	neighboring
neighbourings	neighborings
neighbourless	neighborless
neighbourlesser	neighborlesser
neighbourlessest	neighborlessest
neighbourlier	neighborlier
neighbourliest	neighborliest
neighbourliness	neighborliness
neighbourlinesses	neighborlinesses
neighbourly	neighborly
neighbours	neighbors
neologise	neologize
neologised	neologized
neologises	neologizes
neologising	neologizing
neopaganise	neopaganize
neopaganised	neopaganized
neopaganises	neopaganizes
neopaganising	neopaganizing
neoterise	neoterize
neoterised	neoterized
neoterises	neoterizes
neoterising	neoterizing
nephrectomise	nephrectomize
nephrectomised	nephrectomized
nephrectomising	nephrectomizing
neutralisation	neutralization
neutralisations	neutralizations
neutralise	neutralize
neutralised	neutralized
neutraliser	neutralizer
neutralisers	neutralizers
neutralises	neutralizes
neutralising	neutralizing
nickelise	nickelize
nickelised	nickelized
nickelises	nickelizes
nickelising	nickelizing
niggardise	niggardize
niggardised	niggardized
niggardises	niggardizes
niggardising	niggardizing
nitre	niter
nitres	niters
nitrogenisation	nitrogenization
nitrogenisations	nitrogenizations
nitrogenise	nitrogenize
nitrogenised	nitrogenized
nitrogenises	nitrogenizes
nitrogenising	nitrogenizing
nitroglycerine	nitroglycerin
nitroglycerines	nitroglycerins
nodalise	nodalize
nodalised	nodalized
nodalises	nodalizes
nodalising	nodalizing
nomadisation	nomadization
nomadisations	nomadizations
nomadise	nomadize
nomadised	nomadized
nomadises	nomadizes
nomadising	nomadizing
nominalisation	nominalization
nominalisations	nominalizations
nominalise	nominalize
nominalised	nominalized
nominalises	nominalizes
nominalising	nominalizing
nonaesthetic	nonesthetic
noncivilised	noncivilized
nonciviliseds	noncivilizeds
noncolour	noncolor
noncoloured	noncolored
noncolourfast	noncolorfast
noncolouring	noncoloring
noncolourings	noncolorings
noncolours	noncolors
nonfulfilment	nonfulfillment
nonfulfilments	nonfulfillments
nonimmunised	nonimmunized
nonimmuniseds	nonimmunizeds
nonionised	nonionized
nonioniseds	nonionizeds
nonionising	nonionizing
nonionisings	nonionizings
nonoxidising	nonoxidizing
nonoxidisings	nonoxidizings
nonpolarisable	nonpolarizable
nonpolarisables	nonpolarizables
nonspecialised	nonspecialized
nonspecialiseds	nonspecializeds
nonstandardised	nonstandardized
nonstandardiseds	nonstandardizeds
nonsympathiser	nonsympathizer
nonsympathisers	nonsympathizers
nonsynthesised	nonsynthesized
nonsynthesiseds	nonsynthesizeds
normalisable	normalizable
normalisation	normalization
normalisations	normalizations
normalise	normalize
normalised	normalized
normaliser	normalizer
normalisers	normalizers
normalises	normalizes
normalising	normalizing
normanise	normanize
normanised	normanized
normanises	normanizes
normanising	normanizing
northernise	northernize
northernised	northernized
northernises	northernizes
northernising	northernizing
notarisation	notarization
notarisations	notarizations
notarise	notarize
notarised	notarized
notarises	notarizes
notarising	notarizing
novelisation	novelization
novelisations	novelizations
novelise	novelize
novelised	novelized
noveliser	novelizer
novelisers	novelizers
novelises	novelizes
novelising	novelizing
novenae	novene
nuclearisation	nuclearization
nuclearisations	nuclearizations
nuclearise	nuclearize
nuclearised	nuclearized
nuclearises	nuclearizes
nuclearising	nuclearizing
numbskull	numskull
numbskulls	numskulls
obelise	obelize
obelised	obelized
obelises	obelizes
obelising	obelizing
objectivise	objectivize
objectivised	objectivized
objectivises	objectivizes
objectivising	objectivizing
occidentalise	occidentalize
occidentalised	occidentalized
occidentalises	occidentalizes
occidentalising	occidentalizing
ochre	ocher
ochred	ochered
ochreous	ocherous
ochreouser	ocherouser
ochreousest	ocherousest
ochrer	ocherrer
ochres	ochers
ochrest	ocherrest
ochrey	ochery
ochring	ochering
odorise	odorize
odorised	odorized
odoriser	odorizer
odorises	odorizes
odorising	odorizing
odour	odor
odoured	odored
odourless	odorless
odourlesser	odorlesser
odourlessest	odorlessest
odours	odors
oedema	edema
oedemas	edemas
oedematose	edematose
oedematous	edematous
oenological	enological
oenologist	enologist
oenologists	enologists
oesophagi	esophagi
oesophagitis	esophagitis
oesophagus	esophagus
oestradiol	estradiol
oestradiols	estradiols
oestral	estral
oestrin	estrin
oestrins	estrins
oestriol	estriol
oestriols	estriols
oestrogen	estrogen
oestrogenic	estrogenic
oestrogens	estrogens
oestrone	estrone
oestrones	estrones
oestrous	estrous
oestrual	estrual
oestrum	estrum
oestrums	estrums
oestrus	estrus
oestruses	estruses
offence	offense
offenceless	offenseless
offencelesser	offenselesser
offencelessest	offenselessest
offences	offenses
oligaemia	oligemia
omelette	omelet
omelettes	omelets
onwards	onward
opalise	opalize
opalised	opalized
opalises	opalizes
operationalisation	operationalization
operationalisations	operationalizations
operationalise	operationalize
operationalised	operationalized
operationaliser	operationalizer
operationalisers	operationalizers
operationalises	operationalizes
operationalising	operationalizing
operatise	operatize
operatised	operatized
operatises	operatizes
operatising	operatizing
optimalisation	optimalization
optimalisations	optimalizations
optimalise	optimalize
optimalised	optimalized
optimalises	optimalizes
optimalising	optimalizing
optimisation	optimization
optimisations	optimizations
optimise	optimize
optimised	optimized
optimiser	optimizer
optimisers	optimizers
optimises	optimizes
optimising	optimizing
organdie	organdy
organisability	organizability
organisable	organizable
organisation	organization
organisational	organizational
organisationaler	organizationaler
organisationalest	organizationalest
organisationallier	organizationallier
organisationalliest	organizationalliest
organisationally	organizationally
organisationals	organizationals
organisations	organizations
organise	organize
organised	organized
organiser	organizer
organisers	organizers
organises	organizes
organising	organizing
orientalise	orientalize
orientalised	orientalized
orientalises	orientalizes
orientalising	orientalizing
orthocentre	orthocenter
orthocentres	orthocenters
orthogonalisation	orthogonalization
orthogonalise	orthogonalize
orthogonalised	orthogonalized
orthogonalises	orthogonalizes
orthogonalising	orthogonalizing
orthographise	orthographize
orthopaedia	orthopedia
orthopaedic	orthopedic
orthopaedical	orthopedical
orthopaedicallier	orthopedicallier
orthopaedicalliest	orthopedicalliest
orthopaedically	orthopedically
orthopaedicer	orthopedicer
orthopaedicest	orthopedicest
orthopaedics	orthopedics
orthopaedies	orthopedies
orthopaedist	orthopedist
orthopaedists	orthopedists
orthopaedy	orthopedy
ostracise	ostracize
ostracised	ostracized
ostracises	ostracizes
ostracising	ostracizing
otorrhoea	otorrhea
outcavilled	outcaviled
outcavilling	outcaviling
outhumour	outhumor
outhumoured	outhumored
outhumouring	outhumoring
outhumours	outhumors
outmanoeuvre	outmaneuver
outmanoeuvred	outmaneuvered
outmanoeuvres	outmaneuvers
outmanoeuvring	outmaneuvering
outrivalled	outrivaled
outrivalling	outrivaling
outsavour	outsavor
outsavouring	outsavoring
outsavours	outsavors
ovariectomised	ovariectomized
overanalyse	overanalyze
overanalyses	overanalyzes
overcapitalisation	overcapitalization
overcapitalisations	overcapitalizations
overcapitalise	overcapitalize
overcapitalised	overcapitalized
overcapitalises	overcapitalizes
overcapitalising	overcapitalizing
overcentralisation	overcentralization
overcentralisations	overcentralizations
overcentralise	overcentralize
overcentralises	overcentralizes
overcolour	overcolor
overcolouring	overcoloring
overcolours	overcolors
overdramatise	overdramatize
overdramatised	overdramatized
overdramatises	overdramatizes
overdramatising	overdramatizing
overemphasise	overemphasize
overemphasised	overemphasized
overemphasises	overemphasizes
overemphasising	overemphasizing
overfavour	overfavor
overfavours	overfavors
overfertilisation	overfertilization
overgeneralise	overgeneralize
overgeneralised	overgeneralized
overgeneralises	overgeneralizes
overgeneralising	overgeneralizing
overindustrialise	overindustrialize
overindustrialises	overindustrializes
overlabour	overlabor
overlaboured	overlabored
overlabouring	overlaboring
overlabours	overlabors
oversized	oversize
overspecialisation	overspecialization
overspecialisations	overspecializations
overspecialise	overspecialize
overspecialised	overspecialized
overspecialises	overspecializes
overspecialising	overspecializing
overutilisation	overutilization
oxidisable	oxidizable
oxidisables	oxidizables
oxidisation	oxidization
oxidisations	oxidizations
oxidise	oxidize
oxidised	oxidized
oxidiser	oxidizer
oxidisers	oxidizers
oxidises	oxidizes
oxidising	oxidizing
oxidisings	oxidizings
oxygenise	oxygenize
oxygenised	oxygenized
oxygenises	oxygenizes
oxygenising	oxygenizing
oxyhaemoglobin	oxyhemoglobin
oxyhaemoglobins	oxyhemoglobins
ozonisation	ozonization
ozonisations	ozonizations
ozonise	ozonize
ozonised	ozonized
ozoniser	ozonizer
ozonisers	ozonizers
ozonises	ozonizes
ozonising	ozonizing
paedagogism	pedagogism
paederastic	pederastic
paederastically	pederastically
paediatric	pediatric
paediatrician	pediatrician
paediatricians	pediatricians
paediatrics	pediatrics
paediatry	pediatry
paedobaptism	pedobaptism
paedobaptist	pedobaptist
paedodontic	pedodontic
paedodontics	pedodontics
paedogeneses	pedogeneses
paedogenesis	pedogenesis
paedogenetic	pedogenetic
paedogenic	pedogenic
paedological	pedological
paedologies	pedologies
paedologist	pedologist
paedologists	pedologists
paedology	pedology
paedomorphic	pedomorphic
paedomorphism	pedomorphism
paedomorphisms	pedomorphisms
paedomorphoses	pedomorphoses
paedomorphosis	pedomorphosis
paedophile	pedophile
paedophiles	pedophiles
paedophilia	pedophilia
paedophiliac	pedophiliac
paedophiliacs	pedophiliacs
paedophilias	pedophilias
paedophilic	pedophilic
paedotribe	pedotribe
paedotrophy	pedotrophy
paganisation	paganization
paganisations	paganizations
paganise	paganize
paganised	paganized
paganiser	paganizer
paganisers	paganizers
paganises	paganizes
paganising	paganizing
palaeanthropic	paleanthropic
palaeethnologic	paleethnologic
palaeethnological	paleethnological
palaeethnologist	paleethnologist
palaeethnology	paleethnology
palaeoanthropic	paleoanthropic
palaeoanthropological	paleoanthropological
palaeoanthropologies	paleoanthropologies
palaeoanthropologist	paleoanthropologist
palaeoanthropologists	paleoanthropologists
palaeoanthropology	paleoanthropology
palaeobiogeography	paleobiogeography
palaeobiologic	paleobiologic
palaeobiological	paleobiological
palaeobiologies	paleobiologies
palaeobiologist	paleobiologist
palaeobiologists	paleobiologists
palaeobiology	paleobiology
palaeobotanic	paleobotanic
palaeobotanical	paleobotanical
palaeobotanically	paleobotanically
palaeobotanies	paleobotanies
palaeobotanist	paleobotanist
palaeobotanists	paleobotanists
palaeobotany	paleobotany
palaeoclimatic	paleoclimatic
palaeoclimatologies	paleoclimatologies
palaeoclimatologist	paleoclimatologist
palaeoclimatologists	paleoclimatologists
palaeoclimatology	paleoclimatology
palaeocrystic	paleocrystic
palaeoecologic	paleoecologic
palaeoecological	paleoecological
palaeoecologies	paleoecologies
palaeoecologist	paleoecologist
palaeoecologists	paleoecologists
palaeoecology	paleoecology
palaeoethnologic	paleoethnologic
palaeoethnological	paleoethnological
palaeoethnologist	paleoethnologist
palaeoethnology	paleoethnology
palaeogeographer	paleogeographer
palaeogeographers	paleogeographers
palaeogeographic	paleogeographic
palaeogeographical	paleogeographical
palaeogeographically	paleogeographically
palaeogeographies	paleogeographies
palaeogeography	paleogeography
palaeographic	paleographic
palaeographical	paleographical
palaeographically	paleographically
palaeographist	paleographist
palaeolimnology	paleolimnology
palaeolith	paleolith
palaeolithic	paleolithic
palaeoliths	paleoliths
palaeomagnetism	paleomagnetism
palaeomagnetisms	paleomagnetisms
palaeontographic	paleontographic
palaeontographical	paleontographical
palaeontographies	paleontographies
palaeontography	paleontography
palaeontol	paleontol
palaeontologic	paleontologic
palaeontological	paleontological
palaeontologist	paleontologist
palaeontologists	paleontologists
palaeontology	paleontology
palaeopathological	paleopathological
palaeopathologies	paleopathologies
palaeopathologist	paleopathologist
palaeopathologists	paleopathologists
palaeopathology	paleopathology
palaeopedology	paleopedology
palaeophytology	paleophytology
palaeopsychology	paleopsychology
palaeozoological	paleozoological
palaeozoologies	paleozoologies
palaeozoologist	paleozoologist
palaeozoologists	paleozoologists
palaeozoology	paleozoology
palaestra	palestra
palaestrae	palestrae
palaestral	palestral
palaestras	palestras
palaestric	palestric
palatalisation	palatalization
palatalisations	palatalizations
palatalise	palatalize
palatalised	palatalized
palatalises	palatalizes
palatalising	palatalizing
palletisation	palletization
palletisations	palletizations
palletise	palletize
palletised	palletized
palletiser	palletizer
palletisers	palletizers
palletises	palletizes
palletising	palletizing
panaesthesia	panesthesia
panaesthesias	panesthesias
panegyrise	panegyrize
panegyrised	panegyrized
panegyrises	panegyrizes
panegyrising	panegyrizing
panelled	paneled
panelling	paneling
panellings	panelings
panellist	panelist
panellists	panelists
papalise	papalize
papalised	papalized
papalises	papalizes
papalising	papalizing
parabolise	parabolize
parabolised	parabolized
parabolises	parabolizes
parabolising	parabolizing
paraesthesia	paresthesia
paraesthesias	paresthesias
paraesthetic	paresthetic
parallelise	parallelize
parallelised	parallelized
parallelises	parallelizes
parallelising	parallelizing
paralogise	paralogize
paralogised	paralogized
paralogises	paralogizes
paralogising	paralogizing
paralysation	paralyzation
paralysations	paralyzations
paralyse	paralyze
paralysed	paralyzed
paralyser	paralyzer
paralysers	paralyzers
paralysing	paralyzing
paralysinglies	paralyzinglies
paralysingly	paralyzingly
parameterisation	parameterization
parameterisations	parameterizations
parameterise	parameterize
parameterised	parameterized
parameterises	parameterizes
parameterising	parameterizing
parametrisation	parametrization
parametrisations	parametrizations
parametrise	parametrize
parametrised	parametrized
parametrises	parametrizes
parametrising	parametrizing
parasitaemia	parasitemia
parasitisation	parasitization
parasitise	parasitize
parasitised	parasitized
parasitises	parasitizes
parasitising	parasitizing
parathyroidectomise	parathyroidectomize
parathyroidectomised	parathyroidectomized
parathyroidectomises	parathyroidectomizes
parathyroidectomising	parathyroidectomizing
parcelled	parceled
parcelling	parceling
parchmentise	parchmentize
parchmentised	parchmentized
parchmentises	parchmentizes
parchmentising	parchmentizing
parenthesise	parenthesize
parenthesised	parenthesized
parenthesises	parenthesizes
parenthesising	parenthesizing
parfocalise	parfocalize
parlour	parlor
parlourmaid	parlormaid
parlours	parlors
parochialise	parochialize
parochialised	parochialized
parochialises	parochializes
parochialising	parochializing
partialise	partialize
partialised	partialized
partialises	partializes
partialising	partializing
particoloured	particolored
particolouredder	particoloredder
particoloureddest	particoloreddest
particularisation	particularization
particularisations	particularizations
particularise	particularize
particularised	particularized
particulariser	particularizer
particularises	particularizes
particularising	particularizing
passivisation	passivization
pasteurisation	pasteurization
pasteurisations	pasteurizations
pasteurise	pasteurize
pasteurised	pasteurized
pasteuriser	pasteurizer
pasteurisers	pasteurizers
pasteurises	pasteurizes
pasteurising	pasteurizing
pastoralise	pastoralize
pastoralises	pastoralizes
patinae	patine
patinaed	patined
patrialisation	patrialization
patrialisations	patrializations
patrialise	patrialize
patrialised	patrialized
patrialises	patrializes
patrialising	patrializing
patronisation	patronization
patronisations	patronizations
patronise	patronize
patronised	patronized
patroniser	patronizer
patronisers	patronizers
patronises	patronizes
patronising	patronizing
patronisinglier	patronizinglier
patronisingliest	patronizingliest
patronisingly	patronizingly
patronisings	patronizings
pauperisation	pauperization
pauperisations	pauperizations
pauperise	pauperize
pauperised	pauperized
pauperises	pauperizes
pauperising	pauperizing
pearlise	pearlize
pearlised	pearlized
pearlises	pearlizes
pearlising	pearlizing
pectisation	pectization
pectisations	pectizations
pectise	pectize
pectised	pectized
pectises	pectizes
pectising	pectizing
peculiarise	peculiarize
peculiarised	peculiarized
peculiarises	peculiarizes
peculiarising	peculiarizing
pedalled	pedaled
pedaller	pedaler
pedallers	pedalers
pedalling	pedaling
pedanticise	pedanticize
pedanticised	pedanticized
pedanticises	pedanticizes
pedanticising	pedanticizing
pedantise	pedantize
pedantised	pedantized
pedantises	pedantizes
pedantising	pedantizing
pedestrianisation	pedestrianization
pedestrianisations	pedestrianizations
pedestrianise	pedestrianize
pedestrianised	pedestrianized
pedestrianises	pedestrianizes
pedestrianising	pedestrianizing
pedlar	peddler
pedlars	peddlers
pelletisation	pelletization
pelletisations	pelletizations
pelletise	pelletize
pelletised	pelletized
pelletiser	pelletizer
pelletises	pelletizes
pelletising	pelletizing
pelorised	pelorized
penalisation	penalization
penalisations	penalizations
penalise	penalize
penalised	penalized
penalises	penalizes
penalising	penalizing
pencilled	penciled
pencilling	penciling
pencillings	pencilings
penelopise	penelopize
penelopised	penelopized
penelopises	penelopizes
penelopising	penelopizing
peptisable	peptizable
peptisation	peptization
peptisations	peptizations
peptise	peptize
peptised	peptized
peptiser	peptizer
peptisers	peptizers
peptises	peptizes
peptising	peptizing
peptonisation	peptonization
peptonisations	peptonizations
peptonise	peptonize
peptonised	peptonized
peptonises	peptonizes
peptonising	peptonizing
perfervour	perfervor
perfervours	perfervors
perilled	periled
perilling	periling
periodisation	periodization
periodisations	periodizations
peroxidise	peroxidize
peroxidised	peroxidized
peroxidises	peroxidizes
peroxidising	peroxidizing
personalisation	personalization
personalisations	personalizations
personalise	personalize
personalised	personalized
personalises	personalizes
personalising	personalizing
personise	personize
personised	personized
personises	personizes
personising	personizing
petalled	petaled
phagocytise	phagocytize
phagocytises	phagocytizes
phenomenalise	phenomenalize
phenomenalised	phenomenalized
phenomenalises	phenomenalizes
phenomenalising	phenomenalizing
phenomenise	phenomenize
phenomenised	phenomenized
phenomenises	phenomenizes
phenomenising	phenomenizing
philanthropise	philanthropize
philanthropised	philanthropized
philanthropises	philanthropizes
philanthropising	philanthropizing
philosophise	philosophize
philosophised	philosophized
philosophiser	philosophizer
philosophisers	philosophizers
philosophises	philosophizes
philosophising	philosophizing
philtre	philter
philtres	philters
phlebotomise	phlebotomize
phlebotomised	phlebotomized
phlebotomises	phlebotomizes
phlebotomising	phlebotomizing
phonemicisation	phonemicization
phonemicisations	phonemicizations
phonemicise	phonemicize
phonemicised	phonemicized
phonemicises	phonemicizes
phonemicising	phonemicizing
phoneticisation	phoneticization
phoneticisations	phoneticizations
phoneticise	phoneticize
phoneticised	phoneticized
phoneticises	phoneticizes
phoneticising	phoneticizing
phonetisation	phonetization
phonetisations	phonetizations
phonetise	phonetize
phonetised	phonetized
phonetises	phonetizes
phonetising	phonetizing
phoneys	phonies
phosphatisation	phosphatization
phosphatisations	phosphatizations
phosphatise	phosphatize
phosphatised	phosphatized
phosphatises	phosphatizes
phosphatising	phosphatizing
phosphorise	phosphorize
phosphorised	phosphorized
phosphorises	phosphorizes
phosphorising	phosphorizing
photoionisation	photoionization
photoionisations	photoionizations
photoisomerisation	photoisomerization
photoisomerisations	photoisomerizations
photolysable	photolyzable
photolyse	photolyze
photolysed	photolyzed
photolyses	photolyzes
photolysing	photolyzing
photosensitisation	photosensitization
photosensitisations	photosensitizations
photosensitise	photosensitize
photosensitised	photosensitized
photosensitiser	photosensitizer
photosensitisers	photosensitizers
photosensitises	photosensitizes
photosensitising	photosensitizing
photosynthesise	photosynthesize
photosynthesised	photosynthesized
photosynthesises	photosynthesizes
photosynthesising	photosynthesizing
phrenologise	phrenologize
phrenologised	phrenologized
phrenologises	phrenologizes
phrenologising	phrenologizing
phytohaemagglutinin	phytohemagglutinin
piastre	piaster
piastres	piasters
pictorialisation	pictorialization
pictorialisations	pictorializations
pictorialise	pictorialize
pictorialised	pictorialized
pictorialises	pictorializes
pictorialising	pictorializing
picturisation	picturization
picturisations	picturizations
picturise	picturize
picturised	picturized
picturises	picturizes
picturising	picturizing
pidginisation	pidginization
pidginisations	pidginizations
pidginise	pidginize
pidginised	pidginized
pidginises	pidginizes
pidginising	pidginizing
pilgrimise	pilgrimize
pilgrimised	pilgrimized
pilgrimises	pilgrimizes
pilgrimising	pilgrimizing
pillorise	pillorize
pillorised	pillorized
pillorises	pillorizes
pillorising	pillorizing
plagiarise	plagiarize
plagiarised	plagiarized
plagiariser	plagiarizer
plagiarisers	plagiarizers
plagiarises	plagiarizes
plagiarising	plagiarizing
plasmolyse	plasmolyze
plasmolysed	plasmolyzed
plasmolyses	plasmolyzes
plasmolysing	plasmolyzing
plasticisation	plasticization
plasticisations	plasticizations
plasticise	plasticize
plasticised	plasticized
plasticiser	plasticizer
plasticisers	plasticizers
plasticises	plasticizes
plasticising	plasticizing
platinisation	platinization
platinisations	platinizations
platinise	platinize
platinised	platinized
platinises	platinizes
platinising	platinizing
platitudinise	platitudinize
platitudinised	platitudinized
platitudinises	platitudinizes
platitudinising	platitudinizing
platonise	platonize
platonised	platonized
platonises	platonizes
platonising	platonizing
plebeianise	plebeianize
plebeianised	plebeianized
plebeianises	plebeianizes
plebeianising	plebeianizing
plough	plow
ploughable	plowable
ploughed	plowed
plougher	plower
ploughers	plowers
ploughing	plowing
ploughman	plowman
ploughmen	plowmen
ploughs	plows
ploughshare	plowshare
ploughshares	plowshares
pluralisation	pluralization
pluralisations	pluralizations
pluralise	pluralize
pluralised	pluralized
pluraliser	pluralizer
pluralisers	pluralizers
pluralises	pluralizes
pluralising	pluralizing
poeticise	poeticize
poeticised	poeticized
poeticises	poeticizes
poeticising	poeticizing
poetise	poetize
poetised	poetized
poetiser	poetizer
poetisers	poetizers
poetises	poetizes
poetising	poetizing
polarisability	polarizability
polarisable	polarizable
polarisables	polarizables
polarisation	polarization
polarisations	polarizations
polarise	polarize
polarised	polarized
polariser	polarizer
polarisers	polarizers
polarises	polarizes
polarising	polarizing
polemicise	polemicize
polemicised	polemicized
polemicises	polemicizes
polemicising	polemicizing
polemise	polemize
polemised	polemized
polemises	polemizes
polemising	polemizing
politicalise	politicalize
politicalises	politicalizes
politicisation	politicization
politicisations	politicizations
politicise	politicize
politicised	politicized
politicises	politicizes
politicising	politicizing
polleniser	pollenizer
pollinise	pollinize
pollinised	pollinized
polliniser	pollinizer
pollinises	pollinizes
pollinising	pollinizing
polonise	polonize
polonised	polonized
polonises	polonizes
polonising	polonizing
polycythaemia	polycythemia
polycythaemias	polycythemias
polycythaemic	polycythemic
polygamise	polygamize
polygamises	polygamizes
polymerisation	polymerization
polymerisations	polymerizations
polymerise	polymerize
polymerised	polymerized
polymerises	polymerizes
polymerising	polymerizing
polyoestrous	polyestrous
pommelled	pommeled
pommelling	pommeling
popularisation	popularization
popularisations	popularizations
popularise	popularize
popularised	popularized
populariser	popularizer
popularisers	popularizers
popularises	popularizes
popularising	popularizing
porcelainise	porcelainize
porcelainised	porcelainized
porcelainises	porcelainizes
porcelainising	porcelainizing
porcellanise	porcellanize
porcellanised	porcellanized
porcellanises	porcellanizes
porcellanising	porcellanizing
posturise	posturize
posturised	posturized
posturises	posturizes
posturising	posturizing
potentise	potentize
potentised	potentized
potentises	potentizes
potentising	potentizing
powellise	powellize
powellised	powellized
powellises	powellizes
powellising	powellizing
practise	practice
practised	practiced
practiser	practicer
practisers	practicers
practises	practices
practising	practicing
pragmatisation	pragmatization
pragmatisations	pragmatizations
pragmatise	pragmatize
pragmatised	pragmatized
pragmatiser	pragmatizer
pragmatisers	pragmatizers
pragmatises	pragmatizes
pragmatising	pragmatizing
preanaesthetic	preanesthetic
preanaesthetics	preanesthetics
precivilisation	precivilization
precivilisations	precivilizations
preconisation	preconization
preconisations	preconizations
preconise	preconize
preconised	preconized
preconises	preconizes
preconising	preconizing
prejudgement	prejudgment
prejudgements	prejudgments
prelatise	prelatize
prelatised	prelatized
prelatises	prelatizes
prelatising	prelatizing
preprogramme	preprogram
pressurisation	pressurization
pressurisations	pressurizations
pressurise	pressurize
pressurised	pressurized
pressuriser	pressurizer
pressurisers	pressurizers
pressurises	pressurizes
pressurising	pressurizing
pretence	pretense
pretences	pretenses
preterite	preterit
preterites	preterits
previse	previze
prioritisation	prioritization
prioritisations	prioritizations
prioritise	prioritize
prioritised	prioritized
prioritises	prioritizes
prioritising	prioritizing
prioritisings	prioritizings
privatisation	privatization
privatisations	privatizations
privatise	privatize
privatised	privatized
privatiser	privatizer
privatisers	privatizers
privatises	privatizes
privatising	privatizing
proctorise	proctorize
proctorised	proctorized
proctorises	proctorizes
proctorising	proctorizing
prodigalise	prodigalize
prodigalised	prodigalized
prodigalises	prodigalizes
prodigalising	prodigalizing
productionisation	productionization
productionisations	productionizations
productionise	productionize
productionised	productionized
productioniser	productionizer
productionisers	productionizers
productionises	productionizes
productionising	productionizing
professionalisation	professionalization
professionalisations	professionalizations
professionalise	professionalize
professionalised	professionalized
professionalises	professionalizes
professionalising	professionalizing
programme	program
programmes	programs
projectisation	projectization
projectisations	projectizations
proletarianisation	proletarianization
proletarianisations	proletarianizations
proletarianise	proletarianize
proletarianised	proletarianized
proletarianises	proletarianizes
proletarianising	proletarianizing
prologise	prologize
prologised	prologized
prologises	prologizes
prologising	prologizing
prologuise	prologuize
prologuised	prologuized
prologuises	prologuizes
prologuising	prologuizing
pronominalisation	pronominalization
propagandise	propagandize
propagandised	propagandized
propagandises	propagandizes
propagandising	propagandizing
propylitisation	propylitization
propylitisations	propylitizations
propylitise	propylitize
propylitised	propylitized
propylitises	propylitizes
propylitising	propylitizing
proselytisation	proselytization
proselytisations	proselytizations
proselytise	proselytize
proselytised	proselytized
proselytiser	proselytizer
proselytisers	proselytizers
proselytises	proselytizes
proselytising	proselytizing
protocolise	protocolize
protocolised	protocolized
protocolises	protocolizes
protocolising	protocolizing
proverbialise	proverbialize
proverbialised	proverbialized
proverbialises	proverbializes
proverbialising	proverbializing
provincialisation	provincialization
provincialisations	provincializations
provincialise	provincialize
provincialised	provincialized
provincialises	provincializes
provincialising	provincializing
prussianisation	prussianization
prussianise	prussianize
prussianised	prussianized
prussianiser	prussianizer
prussianises	prussianizes
prussianising	prussianizing
psalmodise	psalmodize
psalmodised	psalmodized
psalmodises	psalmodizes
psalmodising	psalmodizing
pseudaesthesia	pseudesthesia
pseudonymisation	pseudonymization
pseudonymisations	pseudonymizations
pseudonymise	pseudonymize
pseudonymised	pseudonymized
pseudonymiser	pseudonymizer
pseudonymisers	pseudonymizers
pseudonymises	pseudonymizes
pseudonymising	pseudonymizing
psychoanalyse	psychoanalyze
psychoanalysed	psychoanalyzed
psychoanalysing	psychoanalyzing
psychologise	psychologize
psychologised	psychologized
psychologises	psychologizes
psychologising	psychologizing
ptyalise	ptyalize
ptyalised	ptyalized
ptyalises	ptyalizes
ptyalising	ptyalizing
publicise	publicize
publicised	publicized
publicises	publicizes
publicising	publicizing
pulverisable	pulverizable
pulverisation	pulverization
pulverisations	pulverizations
pulverise	pulverize
pulverised	pulverized
pulveriser	pulverizer
pulverisers	pulverizers
pulverises	pulverizes
pulverising	pulverizing
pummelled	pummeled
pummelling	pummeling
puritanise	puritanize
puritanised	puritanized
puritanises	puritanizes
puritanising	puritanizing
pyaemia	pyemia
pyaemias	pyemias
pyaemic	pyemic
pyjama	pajama
pyjamas	pajamas
pyorrhoea	pyorrhea
pyorrhoeal	pyorrheal
pyorrhoealer	pyorrhealer
pyorrhoealest	pyorrhealest
pyorrhoeas	pyorrheas
pyorrhoeic	pyorrheic
pyritise	pyritize
pyritised	pyritized
pyritises	pyritizes
pyritising	pyritizing
pyrolysable	pyrolyzable
pyrolyse	pyrolyze
pyrolysed	pyrolyzed
pyrolyser	pyrolyzer
pyrolyses	pyrolyzes
pyrolysing	pyrolyzing
quantisation	quantization
quantisations	quantizations
quantise	quantize
quantised	quantized
quantiser	quantizer
quantisers	quantizers
quantises	quantizes
quantising	quantizing
quarrelled	quarreled
quarreller	quarreler
quarrellers	quarrelers
quarrelling	quarreling
quintessentialise	quintessentialize
quintessentialised	quintessentialized
quintessentialises	quintessentializes
quintessentialising	quintessentializing
racemisation	racemization
racemisations	racemizations
racemise	racemize
racemised	racemized
racemises	racemizes
racemising	racemizing
racialisation	racialization
racialisations	racializations
racialise	racialize
racialises	racializes
radialisation	radialization
radialisations	radializations
radialise	radialize
radialised	radialized
radialises	radializes
radialising	radializing
radicalisation	radicalization
radicalisations	radicalizations
radicalise	radicalize
radicalised	radicalized
radicalises	radicalizes
radicalising	radicalizing
radiosensitise	radiosensitize
radiosensitised	radiosensitized
radiosensitises	radiosensitizes
radiosensitising	radiosensitizing
rancour	rancor
rancours	rancors
randomisation	randomization
randomisations	randomizations
randomise	randomize
randomised	randomized
randomiser	randomizer
randomisers	randomizers
randomises	randomizes
randomising	randomizing
rapturise	rapturize
rapturised	rapturized
rapturises	rapturizes
rapturising	rapturizing
rationalisable	rationalizable
rationalisation	rationalization
rationalisations	rationalizations
rationalise	rationalize
rationalised	rationalized
rationaliser	rationalizer
rationalisers	rationalizers
rationalises	rationalizes
rationalising	rationalizing
ravelled	raveled
ravelling	raveling
ravellings	ravelings
reacclimatise	reacclimatize
reacclimatised	reacclimatized
reacclimatises	reacclimatizes
reacclimatising	reacclimatizing
readvertise	readvertize
readvertised	readvertized
readvertising	readvertizing
realisabilities	realizabilities
realisability	realizability
realisable	realizable
realisabler	realizabler
realisables	realizables
realisablest	realizablest
realisation	realization
realisations	realizations
realise	realize
realised	realized
realiser	realizer
realisers	realizers
realises	realizes
realising	realizing
realisings	realizings
reanalyse	reanalyze
reanalysed	reanalyzed
reanalysing	reanalyzing
reauthorisation	reauthorization
reauthorisations	reauthorizations
reauthorise	reauthorize
reauthorises	reauthorizes
rebaptise	rebaptize
rebaptised	rebaptized
rebaptises	rebaptizes
rebaptising	rebaptizing
recanalisation	recanalization
recapitalisation	recapitalization
recapitalisations	recapitalizations
recapitalise	recapitalize
recapitalised	recapitalized
recapitalises	recapitalizes
recapitalising	recapitalizing
recentralisation	recentralization
recentralisations	recentralizations
recognisability	recognizability
recognisable	recognizable
recognisabler	recognizabler
recognisablest	recognizablest
recognisably	recognizably
recognisance	recognizance
recognisances	recognizances
recognise	recognize
recognised	recognized
recogniser	recognizer
recognisers	recognizers
recognises	recognizes
recognising	recognizing
recolonisation	recolonization
recolonisations	recolonizations
recolonise	recolonize
recolonised	recolonized
recolonises	recolonizes
recolonising	recolonizing
recolour	recolor
recoloured	recolored
recolouring	recoloring
recolours	recolors
reconceptualisation	reconceptualization
reconceptualising	reconceptualizing
reconnoitre	reconnoiter
reconnoitred	reconnoitered
reconnoitres	reconnoiters
reconnoitring	reconnoitering
recrystallisation	recrystallization
recrystallisations	recrystallizations
recrystallise	recrystallize
recrystallised	recrystallized
recrystallises	recrystallizes
recrystallising	recrystallizing
redialled	redialed
redialling	redialing
reemphasise	reemphasize
reemphasised	reemphasized
reemphasises	reemphasizes
reemphasising	reemphasizing
reflectorise	reflectorize
reflectorised	reflectorized
reflectorises	reflectorizes
reflectorising	reflectorizing
refuelled	refueled
refuelling	refueling
regionalisation	regionalization
regionalisations	regionalizations
regionalise	regionalize
regionalised	regionalized
regionalises	regionalizes
regionalising	regionalizing
regularisation	regularization
regularisations	regularizations
regularise	regularize
regularised	regularized
regulariser	regularizer
regularisers	regularizers
regularises	regularizes
regularising	regularizing
regulise	regulize
regulised	regulized
regulises	regulizes
regulising	regulizing
rehumanise	rehumanize
rehumanises	rehumanizes
reindustrialisation	reindustrialization
reindustrialisations	reindustrializations
reindustrialise	reindustrialize
reindustrialised	reindustrialized
reindustrialises	reindustrializes
reindustrialising	reindustrializing
reinitialise	reinitialize
reinitialised	reinitialized
reinitialises	reinitializes
reinitialising	reinitializing
rejuvenise	rejuvenize
rejuvenised	rejuvenized
rejuvenises	rejuvenizes
rejuvenising	rejuvenizing
relabelled	relabeled
relabelling	relabeling
relativisation	relativization
relativisations	relativizations
relativise	relativize
relativised	relativized
relativises	relativizes
relativising	relativizing
religionise	religionize
religionised	religionized
religionises	religionizes
religionising	religionizing
rematerialise	rematerialize
rematerialised	rematerialized
rematerialises	rematerializes
remilitarisation	remilitarization
remilitarisations	remilitarizations
remilitarise	remilitarize
remilitarised	remilitarized
remilitarises	remilitarizes
remilitarising	remilitarizing
remineralisation	remineralization
remineralisations	remineralizations
remineralise	remineralize
remineralised	remineralized
remineralises	remineralizes
remineralising	remineralizing
remobilisation	remobilization
remobilisations	remobilizations
remobilise	remobilize
remobilises	remobilizes
remodelled	remodeled
remodelling	remodeling
remonetisation	remonetization
remonetisations	remonetizations
remonetise	remonetize
remonetised	remonetized
remonetises	remonetizes
remonetising	remonetizing
remoralisation	remoralization
remoralisations	remoralizations
remoralise	remoralize
remoralised	remoralized
remoralises	remoralizes
remoralising	remoralizing
remould	remold
remoulded	remolded
remoulding	remolding
remoulds	remolds
renationalise	renationalize
renationalised	renationalized
renationalises	renationalizes
renationalising	renationalizing
renormalisation	renormalization
renormalisations	renormalizations
renormalise	renormalize
renormalised	renormalized
renormalises	renormalizes
renormalising	renormalizing
reorganisation	reorganization
reorganisational	reorganizational
reorganisations	reorganizations
reorganise	reorganize
reorganised	reorganized
reorganiser	reorganizer
reorganisers	reorganizers
reorganises	reorganizes
reorganising	reorganizing
reoxidise	reoxidize
reoxidised	reoxidized
reoxidises	reoxidizes
reoxidising	reoxidizing
repopularise	repopularize
reprised	reprized
reprivatisation	reprivatization
reprivatisations	reprivatizations
reprivatise	reprivatize
reprivatised	reprivatized
reprivatises	reprivatizes
reprivatising	reprivatizing
republicanisation	republicanization
republicanisations	republicanizations
republicanise	republicanize
republicanised	republicanized
republicanises	republicanizes
republicanising	republicanizing
reseise	reseize
resensitise	resensitize
resensitises	resensitizes
resinise	resinize
resinised	resinized
resinises	resinizes
resinising	resinizing
respectabilise	respectabilize
respectabilised	respectabilized
respectabilises	respectabilizes
respectabilising	respectabilizing
resterilise	resterilize
resterilises	resterilizes
resurrectionise	resurrectionize
resurrectionised	resurrectionized
resurrectionises	resurrectionizes
resurrectionising	resurrectionizing
resynchronisation	resynchronization
resynchronisations	resynchronizations
resynchronise	resynchronize
resynchronised	resynchronized
resynchronises	resynchronizes
resynchronising	resynchronizing
resynthesise	resynthesize
resynthesises	resynthesizes
reutilisation	reutilization
reutilise	reutilize
reutilised	reutilized
reutilises	reutilizes
reutilising	reutilizing
revalorisation	revalorization
revalorisations	revalorizations
revalorise	revalorize
revalorised	revalorized
revalorises	revalorizes
revalorising	revalorizing
revelled	reveled
reveller	reveler
revellers	revelers
revelling	reveling
revellings	revelings
revisualisation	revisualization
revisualisations	revisualizations
revisualise	revisualize
revisualises	revisualizes
revitalisation	revitalization
revitalisations	revitalizations
revitalise	revitalize
revitalised	revitalized
revitalises	revitalizes
revitalising	revitalizing
revolutionise	revolutionize
revolutionised	revolutionized
revolutioniser	revolutionizer
revolutionisers	revolutionizers
revolutionises	revolutionizes
revolutionising	revolutionizing
rhapsodise	rhapsodize
rhapsodised	rhapsodized
rhapsodises	rhapsodizes
rhapsodising	rhapsodizing
rhetorise	rhetorize
rhetorised	rhetorized
rhetorises	rhetorizes
rhetorising	rhetorizing
rheumatise	rheumatize
rheumatised	rheumatized
rheumatises	rheumatizes
rheumatising	rheumatizing
rhinorrhoea	rhinorrhea
rhinorrhoeal	rhinorrheal
rhodanise	rhodanize
rhodanised	rhodanized
rhodanises	rhodanizes
rhodanising	rhodanizing
rhotacise	rhotacize
rhotacised	rhotacized
rhotacises	rhotacizes
rhotacising	rhotacizing
rhythmisation	rhythmization
rhythmisations	rhythmizations
rhythmise	rhythmize
rhythmised	rhythmized
rhythmises	rhythmizes
rhythmising	rhythmizing
rigidise	rigidize
rigidised	rigidized
rigidises	rigidizes
rigidising	rigidizing
rigour	rigor
rigourism	rigorism
rigourist	rigorist
rigouristic	rigoristic
rigours	rigors
ritualisation	ritualization
ritualisations	ritualizations
ritualise	ritualize
ritualised	ritualized
ritualises	ritualizes
ritualising	ritualizing
rivalise	rivalize
rivalised	rivalized
rivalises	rivalizes
rivalising	rivalizing
rivalled	rivaled
rivalling	rivaling
robotisation	robotization
robotisations	robotizations
robotise	robotize
robotised	robotized
robotises	robotizes
robotising	robotizing
roentgenise	roentgenize
romanise	romanize
romanised	romanized
romanises	romanizes
romanising	romanizing
romanticisation	romanticization
romanticisations	romanticizations
romanticise	romanticize
romanticised	romanticized
romanticises	romanticizes
romanticising	romanticizing
rouble	ruble
roubles	rubles
routinisation	routinization
routinisations	routinizations
routinise	routinize
routinised	routinized
routinises	routinizes
routinising	routinizing
rowelled	roweled
rowelling	roweling
royalise	royalize
royalised	royalized
royalises	royalizes
royalising	royalizing
rubberise	rubberize
rubberised	rubberized
rubberises	rubberizes
rubberising	rubberizing
ruggedisation	ruggedization
ruggedisations	ruggedizations
ruggedise	ruggedize
ruggedised	ruggedized
ruggedises	ruggedizes
ruggedising	ruggedizing
rumour	rumor
rumoured	rumored
rumourer	rumorer
rumourers	rumorers
rumouring	rumoring
rumourmonger	rumormonger
rumourmongers	rumormongers
rumours	rumors
ruralisation	ruralization
ruralisations	ruralizations
ruralise	ruralize
ruralised	ruralized
ruralises	ruralizes
ruralising	ruralizing
russianisation	russianization
russianise	russianize
rusticise	rusticize
rusticised	rusticized
rusticises	rusticizes
rusticising	rusticizing
sabbatise	sabbatize
sabbatised	sabbatized
sabbatises	sabbatizes
sabbatising	sabbatizing
sabre	saber
sabred	sabered
sabres	sabers
sabretooth	sabertooth
sabring	sabering
saccharisation	saccharization
saccharisations	saccharizations
saccharise	saccharize
saccharised	saccharized
saccharises	saccharizes
saccharising	saccharizing
sacerdotalise	sacerdotalize
sacerdotalised	sacerdotalized
sacerdotalises	sacerdotalizes
sacerdotalising	sacerdotalizing
sacralisation	sacralization
sacralisations	sacralizations
sacralise	sacralize
sacralised	sacralized
sacralises	sacralizes
sacralising	sacralizing
saleable	salable
saleabler	salabler
saleablest	salablest
salinisation	salinization
salinise	salinize
salinises	salinizes
saltpetre	saltpeter
saltpetres	saltpeters
sanctuarise	sanctuarize
sanctuarised	sanctuarized
sanctuarises	sanctuarizes
sanctuarising	sanctuarizing
sandalled	sandaled
sandalling	sandaling
sanitisation	sanitization
sanitisations	sanitizations
sanitise	sanitize
sanitised	sanitized
sanitiser	sanitizer
sanitisers	sanitizers
sanitises	sanitizes
sanitising	sanitizing
sapraemia	sapremia
sapraemias	sapremias
sapraemic	sapremic
satellitise	satellitize
satellitised	satellitized
satellitises	satellitizes
satellitising	satellitizing
satirisable	satirizable
satirisation	satirization
satirise	satirize
satirised	satirized
satiriser	satirizer
satirisers	satirizers
satirises	satirizes
satirising	satirizing
saviour	savior
saviours	saviors
savour	savor
savoured	savored
savourer	savorer
savourers	savorers
savourier	savorier
savouries	savories
savouriest	savoriest
savourilies	savorilies
savourily	savorily
savouriness	savoriness
savourinesses	savorinesses
savouring	savoring
savourless	savorless
savourlesser	savorlesser
savourlessest	savorlessest
savourous	savorous
savourouser	savorouser
savourousest	savorousest
savours	savors
savoury	savory
scandalisation	scandalization
scandalisations	scandalizations
scandalise	scandalize
scandalised	scandalized
scandaliser	scandalizer
scandalisers	scandalizers
scandalises	scandalizes
scandalising	scandalizing
scapaed	scaped
scenarisation	scenarization
scenarisations	scenarizations
scenarise	scenarize
scenarised	scenarized
scenarises	scenarizes
scenarising	scenarizing
sceptic	skeptic
sceptical	skeptical
scepticaler	skepticaler
scepticalest	skepticalest
sceptically	skeptically
scepticer	skepticer
scepticest	skepticest
scepticism	skepticism
scepticisms	skepticisms
sceptics	skeptics
sceptre	scepter
sceptred	sceptered
sceptreless	scepterless
sceptres	scepters
sceptring	sceptering
schematisation	schematization
schematisations	schematizations
schematise	schematize
schematised	schematized
schematises	schematizes
schematising	schematizing
schillerisation	schillerization
schillerisations	schillerizations
schillerise	schillerize
schillerised	schillerized
schillerises	schillerizes
schillerising	schillerizing
schismatise	schismatize
schismatised	schismatized
schismatises	schismatizes
schismatising	schismatizing
scientise	scientize
scientised	scientized
scientises	scientizes
scientising	scientizing
sclerotisation	sclerotization
sclerotise	sclerotize
sclerotised	sclerotized
sclerotises	sclerotizes
sclerotising	sclerotizing
scrutinisation	scrutinization
scrutinisations	scrutinizations
scrutinise	scrutinize
scrutinised	scrutinized
scrutiniser	scrutinizer
scrutinisers	scrutinizers
scrutinises	scrutinizes
scrutinising	scrutinizing
scrutinisinglies	scrutinizinglies
scrutinisingly	scrutinizingly
seborrhoea	seborrhea
seborrhoeas	seborrheas
seborrhoeic	seborrheic
sectarianise	sectarianize
sectarianised	sectarianized
sectarianises	sectarianizes
sectarianising	sectarianizing
sectionalisation	sectionalization
sectionalisations	sectionalizations
sectionalise	sectionalize
sectionalised	sectionalized
sectionalises	sectionalizes
sectionalising	sectionalizing
sectionisation	sectionization
sectionisations	sectionizations
sectionise	sectionize
sectionised	sectionized
sectionises	sectionizes
sectionising	sectionizing
sectorisation	sectorization
sectorisations	sectorizations
sectorise	sectorize
sectorised	sectorized
sectorises	sectorizes
sectorising	sectorizing
secularisation	secularization
secularisations	secularizations
secularise	secularize
secularised	secularized
seculariser	secularizer
secularisers	secularizers
secularises	secularizes
secularising	secularizing
securitisation	securitization
securitisations	securitizations
securitise	securitize
securitised	securitized
securitises	securitizes
securitising	securitizing
seiser	seizer
seisers	seizers
semicivilised	semicivilized
semiciviliseds	semicivilizeds
sensationalise	sensationalize
sensationalised	sensationalized
sensationalises	sensationalizes
sensationalising	sensationalizing
sensitisation	sensitization
sensitisations	sensitizations
sensitise	sensitize
sensitised	sensitized
sensitiser	sensitizer
sensitisers	sensitizers
sensitises	sensitizes
sensitising	sensitizing
sensualisation	sensualization
sensualisations	sensualizations
sensualise	sensualize
sensualised	sensualized
sensualises	sensualizes
sensualising	sensualizing
sentimentalisation	sentimentalization
sentimentalisations	sentimentalizations
sentimentalise	sentimentalize
sentimentalised	sentimentalized
sentimentalises	sentimentalizes
sentimentalising	sentimentalizing
septicaemia	septicemia
septicaemias	septicemias
septicaemic	septicemic
sepulchre	sepulcher
sepulchred	sepulchered
sepulchres	sepulchers
sepulchring	sepulchering
serialisation	serialization
serialisations	serializations
serialise	serialize
serialised	serialized
serialises	serializes
serialising	serializing
sericitisation	sericitization
sericitisations	sericitizations
sermonise	sermonize
sermonised	sermonized
sermoniser	sermonizer
sermonisers	sermonizers
sermonises	sermonizes
sermonising	sermonizing
serpentinisation	serpentinization
serpentinisations	serpentinizations
serpentinise	serpentinize
serpentinised	serpentinized
serpentinises	serpentinizes
serpentinising	serpentinizing
serpentise	serpentize
serpentised	serpentized
serpentises	serpentizes
serpentising	serpentizing
sexualisation	sexualization
sexualisations	sexualizations
sexualise	sexualize
sexualised	sexualized
sexualises	sexualizes
sexualising	sexualizing
sherardise	sherardize
sherardised	sherardized
sherardises	sherardizes
sherardising	sherardizing
shovelled	shoveled
shoveller	shoveler
shovellers	shovelers
shovelling	shoveling
shrivelled	shriveled
shrivelling	shriveling
sialorrhoea	sialorrhea
signalisation	signalization
signalise	signalize
signalised	signalized
signalises	signalizes
signalising	signalizing
signalled	signaled
signaller	signaler
signallers	signalers
signalling	signaling
silverise	silverize
silverised	silverized
silverises	silverizes
silverising	silverizing
similise	similize
similised	similized
similises	similizes
similising	similizing
simonise	simonize
singularisation	singularization
singularisations	singularizations
singularise	singularize
singularised	singularized
singularises	singularizes
singularising	singularizing
sinicise	sinicize
sinicised	sinicized
sinicises	sinicizes
sinicising	sinicizing
sirenise	sirenize
sirenised	sirenized
sirenises	sirenizes
sirenising	sirenizing
sizeable	sizable
sizeably	sizably
skeletonise	skeletonize
skeletonised	skeletonized
skeletoniser	skeletonizer
skeletonisers	skeletonizers
skeletonises	skeletonizes
skeletonising	skeletonizing
skilful	skillful
skilfully	skillfully
skilfulness	skillfulness
slenderise	slenderize
slenderised	slenderized
slenderises	slenderizes
slenderising	slenderizing
sloganise	sloganize
sloganised	sloganized
sloganises	sloganizes
sloganising	sloganizing
sloganisings	sloganizings
sluggardise	sluggardize
sluggardised	sluggardized
sluggardises	sluggardizes
sluggardising	sluggardizing
slyer	slier
slyest	sliest
smoulder	smolder
smouldered	smoldered
smouldering	smoldering
smoulders	smolders
snivelled	sniveled
sniveller	sniveler
snivellers	snivelers
snivelling	sniveling
snivellings	snivelings
snorkelled	snorkeled
snorkelling	snorkeling
snowplough	snowplow
snowploughs	snowplows
snuffcoloured	snuffcolored
soberise	soberize
soberised	soberized
soberises	soberizes
soberising	soberizing
socialisation	socialization
socialisations	socializations
socialise	socialize
socialised	socialized
socialiser	socializer
socialises	socializes
socialising	socializing
sodomise	sodomize
sodomised	sodomized
sodomises	sodomizes
sodomising	sodomizing
solarisation	solarization
solarisations	solarizations
solarise	solarize
solarised	solarized
solarises	solarizes
solarising	solarizing
solecise	solecize
solecised	solecized
solecises	solecizes
solecising	solecizing
solemnisation	solemnization
solemnisations	solemnizations
solemnise	solemnize
solemnised	solemnized
solemniser	solemnizer
solemnisers	solemnizers
solemnises	solemnizes
solemnising	solemnizing
soliloquise	soliloquize
soliloquised	soliloquized
soliloquiser	soliloquizer
soliloquisers	soliloquizers
soliloquises	soliloquizes
soliloquising	soliloquizing
soliloquisings	soliloquizings
solmisation	solmization
solmisations	solmizations
solonisation	solonization
solonisations	solonizations
solubilisation	solubilization
solubilisations	solubilizations
solubilise	solubilize
solubilised	solubilized
solubilises	solubilizes
solubilising	solubilizing
sombre	somber
sombrely	somberly
sombreness	somberness
sombrenesses	sombernesses
sombrer	somberer
sombrest	somberest
somniloquise	somniloquize
somniloquised	somniloquized
somniloquises	somniloquizes
somniloquising	somniloquizing
sonnetise	sonnetize
sonnetised	sonnetized
sonnetises	sonnetizes
sonnetising	sonnetizing
sorbitisation	sorbitization
sorbitisations	sorbitizations
sorbitise	sorbitize
sorbitised	sorbitized
sorbitises	sorbitizes
sorbitising	sorbitizing
sororise	sororize
sororised	sororized
sororises	sororizes
sororising	sororizing
southernise	southernize
southernised	southernized
southernises	southernizes
southernising	southernizing
sovietisation	sovietization
sovietisations	sovietizations
sovietise	sovietize
sovietised	sovietized
sovietises	sovietizes
sovietising	sovietizing
spanaemia	spanemia
spanaemic	spanemic
spaniolise	spaniolize
spaniolised	spaniolized
spaniolises	spaniolizes
spaniolising	spaniolizing
specialisation	specialization
specialisations	specializations
specialise	specialize
specialised	specialized
specialiser	specializer
specialisers	specializers
specialises	specializes
specialising	specializing
specialities	specialties
speciality	specialty
spectre	specter
spectres	specters
spermatorrhoea	spermatorrhea
spermatorrhoeas	spermatorrheas
spheroidisation	spheroidization
spheroidisations	spheroidizations
spheroidise	spheroidize
spheroidised	spheroidized
spheroidises	spheroidizes
spheroidising	spheroidizing
spiraea	spirea
spiraeas	spireas
spiralled	spiraled
spiralling	spiraling
spiritualisation	spiritualization
spiritualisations	spiritualizations
spiritualise	spiritualize
spiritualised	spiritualized
spiritualiser	spiritualizer
spiritualisers	spiritualizers
spiritualises	spiritualizes
spiritualising	spiritualizing
spirochaete	spirochete
spirochaetes	spirochetes
splendour	splendor
splendours	splendors
splenectomised	splenectomized
splenisation	splenization
splenisations	splenizations
squirrelled	squirreled
squirrelling	squirreling
stabilisation	stabilization
stabilisations	stabilizations
stabilise	stabilize
stabilised	stabilized
stabiliser	stabilizer
stabilisers	stabilizers
stabilises	stabilizes
stabilising	stabilizing
standardisation	standardization
standardisations	standardizations
standardise	standardize
standardised	standardized
standardiser	standardizer
standardisers	standardizers
standardises	standardizes
standardising	standardizing
steatorrhoea	steatorrhea
steatorrhoeas	steatorrheas
stencilled	stenciled
stencilling	stenciling
sterilisable	sterilizable
sterilisabler	sterilizabler
sterilisables	sterilizables
sterilisablest	sterilizablest
sterilisation	sterilization
sterilisations	sterilizations
sterilise	sterilize
sterilised	sterilized
steriliser	sterilizer
sterilisers	sterilizers
sterilises	sterilizes
sterilising	sterilizing
stigmatisation	stigmatization
stigmatisations	stigmatizations
stigmatise	stigmatize
stigmatised	stigmatized
stigmatiser	stigmatizer
stigmatisers	stigmatizers
stigmatises	stigmatizes
stigmatising	stigmatizing
stilboestrol	stilbestrol
stilboestrols	stilbestrols
storey	story
storeys	stories
strobilisation	strobilization
strobilisations	strobilizations
structuralisation	structuralization
structuralisations	structuralizations
structuralise	structuralize
structuralises	structuralizes
stylisation	stylization
stylisations	stylizations
stylise	stylize
stylised	stylized
styliser	stylizer
stylisers	stylizers
stylises	stylizes
stylising	stylizing
stylopised	stylopized
subcalibre	subcaliber
subcategorising	subcategorizing
subcentre	subcenter
suberisation	suberization
suberisations	suberizations
suberise	suberize
suberised	suberized
suberises	suberizes
suberising	suberizing
subitise	subitize
subitised	subitized
subitises	subitizes
subitising	subitizing
subjectivisation	subjectivization
subjectivisations	subjectivizations
subjectivise	subjectivize
subjectivised	subjectivized
subjectivises	subjectivizes
subjectivising	subjectivizing
sublimise	sublimize
sublimised	sublimized
sublimises	sublimizes
sublimising	sublimizing
subminiaturisation	subminiaturization
subminiaturise	subminiaturize
subminiaturised	subminiaturized
subminiaturises	subminiaturizes
subminiaturising	subminiaturizing
subsidisable	subsidizable
subsidisation	subsidization
subsidisations	subsidizations
subsidise	subsidize
subsidised	subsidized
subsidiser	subsidizer
subsidisers	subsidizers
subsidises	subsidizes
subsidising	subsidizing
subspecialise	subspecialize
subspecialises	subspecializes
subspecialities	subspecialties
subspeciality	subspecialty
substantialise	substantialize
substantialised	substantialized
substantialises	substantializes
substantialising	substantializing
substantivise	substantivize
substantivised	substantivized
substantivises	substantivizes
substantivising	substantivizing
subtilisation	subtilization
subtilisations	subtilizations
subtilise	subtilize
subtilised	subtilized
subtilises	subtilizes
subtilising	subtilizing
subtotalled	subtotaled
subtotalling	subtotaling
suburbanisation	suburbanization
suburbanisations	suburbanizations
suburbanise	suburbanize
suburbanised	suburbanized
suburbanises	suburbanizes
suburbanising	suburbanizing
succour	succor
succourable	succorable
succourables	succorables
succoured	succored
succourer	succorer
succourers	succorers
succouring	succoring
succourless	succorless
succours	succors
sulcalise	sulcalize
sulcalised	sulcalized
sulcalises	sulcalizes
sulcalising	sulcalizing
sulfatise	sulfatize
sulfatises	sulfatizes
sulphate	sulfate
sulphates	sulfates
sulphide	sulfide
sulphides	sulfides
sulphur	sulfur
sulphured	sulfured
sulphuric	sulfuric
sulphuring	sulfuring
sulphurisation	sulfurization
sulphurisations	sulfurizations
sulphurise	sulfurize
sulphurised	sulfurized
sulphurises	sulfurizes
sulphurising	sulfurizing
sulphurization	sulfurization
sulphurizations	sulfurizations
sulphurize	sulfurize
sulphurized	sulfurized
sulphurizes	sulfurizes
sulphurizing	sulfurizing
sulphurous	sulfurous
sulphurs	sulfurs
summarisable	summarizable
summarisation	summarization
summarisations	summarizations
summarise	summarize
summarised	summarized
summariser	summarizer
summarisers	summarizers
summarises	summarizes
summarising	summarizing
supercivilisation	supercivilization
supercivilisations	supercivilizations
supercivilised	supercivilized
superciviliseds	supercivilizeds
superficialise	superficialize
superficialised	superficialized
superficialises	superficializes
superficialising	superficializing
superhumanise	superhumanize
superhumanised	superhumanized
superhumanises	superhumanizes
superhumanising	superhumanizing
supernaturalise	supernaturalize
supernaturalised	supernaturalized
supernaturalises	supernaturalizes
supernaturalising	supernaturalizing
sweepstake	sweepstakes
swivelled	swiveled
swivelling	swiveling
sycophantise	sycophantize
sycophantised	sycophantized
sycophantises	sycophantizes
sycophantising	sycophantizing
syllabise	syllabize
syllabised	syllabized
syllabises	syllabizes
syllabising	syllabizing
syllogisation	syllogization
syllogisations	syllogizations
syllogise	syllogize
syllogised	syllogized
syllogiser	syllogizer
syllogisers	syllogizers
syllogises	syllogizes
syllogising	syllogizing
symbolisation	symbolization
symbolisations	symbolizations
symbolise	symbolize
symbolised	symbolized
symboliser	symbolizer
symbolisers	symbolizers
symbolises	symbolizes
symbolising	symbolizing
symmetrisation	symmetrization
symmetrisations	symmetrizations
symmetrise	symmetrize
symmetrised	symmetrized
symmetrises	symmetrizes
symmetrising	symmetrizing
sympathise	sympathize
sympathised	sympathized
sympathiser	sympathizer
sympathisers	sympathizers
sympathises	sympathizes
sympathising	sympathizing
sympathisinglier	sympathizinglier
sympathisingliest	sympathizingliest
sympathisingly	sympathizingly
sympathisings	sympathizings
symphonise	symphonize
symptomatise	symptomatize
symptomatised	symptomatized
symptomatises	symptomatizes
symptomatising	symptomatizing
symptomise	symptomize
symptomises	symptomizes
synaesthesia	synesthesia
synaesthesias	synesthesias
synaesthetic	synesthetic
synaestheticer	synestheticer
synaestheticest	synestheticest
synchronisation	synchronization
synchronisations	synchronizations
synchronise	synchronize
synchronised	synchronized
synchroniser	synchronizer
synchronisers	synchronizers
synchronises	synchronizes
synchronising	synchronizing
syncretise	syncretize
syncretised	syncretized
syncretises	syncretizes
syncretising	syncretizing
synergise	synergize
synergised	synergized
synergises	synergizes
synergising	synergizing
synoecise	synoecize
synoecised	synoecized
synoecises	synoecizes
synoecising	synoecizing
synonymise	synonymize
synonymised	synonymized
synonymises	synonymizes
synonymising	synonymizing
synopsise	synopsize
synopsised	synopsized
synopsises	synopsizes
synopsising	synopsizing
synthesisation	synthesization
synthesisations	synthesizations
synthesise	synthesize
synthesised	synthesized
synthesiser	synthesizer
synthesisers	synthesizers
synthesises	synthesizes
synthesising	synthesizing
synthetiser	synthetizer
synthetisers	synthetizers
syntonise	syntonize
syntonised	syntonized
syntonises	syntonizes
syntonising	syntonizing
syphilisation	syphilization
syphilisations	syphilizations
syphilise	syphilize
syphilised	syphilized
syphilising	syphilizing
systematisation	systematization
systematisations	systematizations
systematise	systematize
systematised	systematized
systematiser	systematizer
systematisers	systematizers
systematises	systematizes
systematising	systematizing
systemisation	systemization
systemisations	systemizations
systemise	systemize
systemised	systemized
systemiser	systemizer
systemisers	systemizers
systemises	systemizes
systemising	systemizing
tabularisation	tabularization
tabularisations	tabularizations
tabularise	tabularize
tabularised	tabularized
tabularises	tabularizes
tabularising	tabularizing
taffetised	taffetized
tamboura	tambura
tambouras	tamburas
tantalisation	tantalization
tantalisations	tantalizations
tantalise	tantalize
tantalised	tantalized
tantaliser	tantalizer
tantalisers	tantalizers
tantalises	tantalizes
tantalising	tantalizing
tantalisinglier	tantalizinglier
tantalisinglies	tantalizinglies
tantalisingliest	tantalizingliest
tantalisingly	tantalizingly
tantalisings	tantalizings
tartarisation	tartarization
tartarisations	tartarizations
tartarise	tartarize
tartarised	tartarized
tartarises	tartarizes
tartarising	tartarizing
tautologise	tautologize
tautologised	tautologized
tautologises	tautologizes
tautologising	tautologizing
taxidermise	taxidermize
taxidermised	taxidermized
taxidermises	taxidermizes
taxidermising	taxidermizing
technicalisation	technicalization
technicalise	technicalize
technicalises	technicalizes
technicise	technicize
technicised	technicized
technicises	technicizes
technicising	technicizing
technologise	technologize
teetotalled	teetotaled
teetotaller	teetotaler
teetotallers	teetotalers
teetotalling	teetotaling
telaesthesia	telesthesia
telaesthesias	telesthesias
telaesthetic	telesthetic
telaestheticer	telestheticer
telaestheticest	telestheticest
telepathise	telepathize
telepathised	telepathized
telepathises	telepathizes
telepathising	telepathizing
tellurise	tellurize
tellurised	tellurized
tellurises	tellurizes
tellurising	tellurizing
temporalise	temporalize
temporalised	temporalized
temporalises	temporalizes
temporalising	temporalizing
temporisation	temporization
temporisations	temporizations
temporise	temporize
temporised	temporized
temporiser	temporizer
temporisers	temporizers
temporises	temporizes
temporising	temporizing
temporisinglier	temporizinglier
temporisingliest	temporizingliest
temporisingly	temporizingly
temporisings	temporizings
tenderisation	tenderization
tenderisations	tenderizations
tenderise	tenderize
tenderised	tenderized
tenderiser	tenderizer
tenderisers	tenderizers
tenderises	tenderizes
tenderising	tenderizing
territorialisation	territorialization
territorialisations	territorializations
territorialise	territorialize
territorialised	territorialized
territorialises	territorializes
territorialising	territorializing
terrorisation	terrorization
terrorisations	terrorizations
terrorise	terrorize
terrorised	terrorized
terroriser	terrorizer
terrorisers	terrorizers
terrorises	terrorizes
terrorising	terrorizing
testimonialise	testimonialize
testimonialised	testimonialized
testimonialises	testimonializes
testimonialising	testimonializing
tetanisation	tetanization
tetanisations	tetanizations
tetanise	tetanize
tetanised	tetanized
tetanises	tetanizes
tetanising	tetanizing
teutonise	teutonize
texturise	texturize
texturised	texturized
texturises	texturizes
texturising	texturizing
thalassaemia	thalassemia
thalassaemias	thalassemias
thalassaemic	thalassemic
theatre	theater
theatregoer	theatergoer
theatregoers	theatergoers
theatregoing	theatergoing
theatregoings	theatergoings
theatres	theaters
theatricalisation	theatricalization
theatricalisations	theatricalizations
theatricalise	theatricalize
theatricalised	theatricalized
theatricalises	theatricalizes
theatricalising	theatricalizing
theatricise	theatricize
theatricised	theatricized
theatricises	theatricizes
theatricising	theatricizing
theologise	theologize
theologised	theologized
theologiser	theologizer
theologisers	theologizers
theologises	theologizes
theologising	theologizing
theorisation	theorization
theorisations	theorizations
theorise	theorize
theorised	theorized
theoriser	theorizer
theorisers	theorizers
theorises	theorizes
theorising	theorizing
theosophise	theosophize
theosophised	theosophized
theosophises	theosophizes
theosophising	theosophizing
thermaesthesia	thermesthesia
thermalisation	thermalization
thermalisations	thermalizations
thermalise	thermalize
thermalised	thermalized
thermalises	thermalizes
thermalising	thermalizing
thraldom	thralldom
thraldoms	thralldoms
throughway	thruway
throughways	thruways
thymectomise	thymectomize
thyroidectomised	thyroidectomized
tinselled	tinseled
tinselling	tinseling
titbit	tidbit
titbits	tidbits
titre	titer
titres	titers
tokenisation	tokenization
tokenisations	tokenizations
tokenise	tokenize
tokenised	tokenized
tokeniser	tokenizer
tokenisers	tokenizers
tokenises	tokenizes
tokenising	tokenizing
totalisation	totalization
totalisations	totalizations
totalisator	totalizator
totalisators	totalizators
totalise	totalize
totalised	totalized
totaliser	totalizer
totalisers	totalizers
totalises	totalizes
totalising	totalizing
totalitarianise	totalitarianize
totalled	totaled
totalling	totaling
towelled	toweled
towelling	toweling
towellings	towelings
toxaemia	toxemia
toxaemias	toxemias
toxaemic	toxemic
traditionalise	traditionalize
traditionalised	traditionalized
traditionalises	traditionalizes
trammelled	trammeled
trammelling	trammeling
tranquilisation	tranquilization
tranquilisations	tranquilizations
tranquilisingly	tranquilizingly
tranquillisation	tranquillization
tranquillisations	tranquillizations
tranquillise	tranquilize
tranquillised	tranquilized
tranquilliser	tranquilizer
tranquillisers	tranquilizers
tranquillises	tranquilizes
tranquillising	tranquilizing
tranquillisingly	tranquillizingly
tranquillities	tranquilities
tranquillity	tranquility
tranquillize	tranquilize
tranquillized	tranquilized
tranquillizer	tranquilizer
tranquillizers	tranquilizers
tranquillizes	tranquilizes
tranquillizing	tranquilizing
transcendentalise	transcendentalize
transcendentalised	transcendentalized
transcendentalises	transcendentalizes
transcendentalising	transcendentalizing
transistorisation	transistorization
transistorisations	transistorizations
transistorise	transistorize
transistorised	transistorized
transistorises	transistorizes
transistorising	transistorizing
transparentise	transparentize
transparentises	transparentizes
traumatisation	traumatization
traumatisations	traumatizations
traumatise	traumatize
traumatised	traumatized
traumatises	traumatizes
traumatising	traumatizing
travelled	traveled
traveller	traveler
travellers	travelers
travelling	traveling
travellings	travelings
trialled	trialed
trialling	trialing
trichinisation	trichinization
trichinisations	trichinizations
trichinise	trichinize
trichinised	trichinized
trichinises	trichinizes
trichinising	trichinizing
trichotomise	trichotomize
trichotomised	trichotomized
trichotomises	trichotomizes
trichotomising	trichotomizing
tricolour	tricolor
tricoloured	tricolored
tricolours	tricolors
trivialisation	trivialization
trivialisations	trivializations
trivialise	trivialize
trivialised	trivialized
trivialises	trivializes
trivialising	trivializing
tropicalisation	tropicalization
tropicalisations	tropicalizations
tropicalise	tropicalize
tropicalised	tropicalized
tropicalises	tropicalizes
tropicalising	tropicalizing
trowelled	troweled
trowelling	troweling
tuberculisation	tuberculization
tuberculisations	tuberculizations
tuberculise	tuberculize
tuberculised	tuberculized
tuberculises	tuberculizes
tuberculising	tuberculizing
tularaemia	tularemia
tularaemias	tularemias
tularaemic	tularemic
tumbril	tumbrel
tumbrils	tumbrels
tumour	tumor
tumours	tumors
tunnelled	tunneled
tunneller	tunneler
tunnellers	tunnelers
tunnelling	tunneling
tunnellings	tunnelings
tutorise	tutorize
tutorised	tutorized
tutorises	tutorizes
tutorising	tutorizing
tyrannise	tyrannize
tyrannised	tyrannized
tyranniser	tyrannizer
tyrannisers	tyrannizers
tyrannises	tyrannizes
tyrannising	tyrannizing
tyrannisings	tyrannizings
tyre	tire
tyres	tires
unacclimatised	unacclimatized
unalphabetised	unalphabetized
unamortised	unamortized
unanalysable	unanalyzable
unanalysed	unanalyzed
unapologising	unapologizing
unappetising	unappetizing
unappetisinger	unappetizinger
unappetisingest	unappetizingest
unappetisinglier	unappetizinglier
unappetisingliest	unappetizingliest
unappetisingly	unappetizingly
unapprised	unapprized
unarmoured	unarmored
unarmouredder	unarmoredder
unarmoureddest	unarmoreddest
unauthorised	unauthorized
unauthorisedder	unauthorizedder
unauthoriseddest	unauthorizeddest
unbaptise	unbaptize
unbaptised	unbaptized
unbaptises	unbaptizes
unbaptising	unbaptizing
uncancelled	uncanceled
uncancelledder	uncanceledder
uncancelleddest	uncanceleddest
uncanonise	uncanonize
uncanonised	uncanonized
uncanonises	uncanonizes
uncanonising	uncanonizing
uncapitalised	uncapitalized
uncapitalisedder	uncapitalizedder
uncapitaliseddest	uncapitalizeddest
unchastisable	unchastizable
unchastised	unchastized
unchristianise	unchristianize
unchristianised	unchristianized
unchristianises	unchristianizes
unchristianising	unchristianizing
uncivilised	uncivilized
uncivilisedly	uncivilizedly
uncivilisedness	uncivilizedness
uncoloured	uncolored
uncolouredder	uncoloredder
uncoloureddest	uncoloreddest
uncoloureds	uncoloreds
uncrystallisable	uncrystallizable
uncrystallisabler	uncrystallizabler
uncrystallisables	uncrystallizables
uncrystallisablest	uncrystallizablest
uncrystallised	uncrystallized
undercapitalisation	undercapitalization
undercapitalisations	undercapitalizations
undercapitalise	undercapitalize
undercapitalised	undercapitalized
undercapitalises	undercapitalizes
undercapitalising	undercapitalizing
underemphasise	underemphasize
underemphasised	underemphasized
underemphasises	underemphasizes
underemphasising	underemphasizing
underprise	underprize
underprised	underprized
underprises	underprizes
underprising	underprizing
underutilisation	underutilization
underutilisations	underutilizations
underutilise	underutilize
underutilised	underutilized
underutilises	underutilizes
underutilising	underutilizing
undishonoured	undishonored
undramatised	undramatized
undramatiseds	undramatizeds
unequalled	unequaled
unequalledder	unequaledder
unequalleddest	unequaleddest
unfavourable	unfavorable
unfavourableness	unfavorableness
unfavourablenesses	unfavorablenesses
unfavourabler	unfavorabler
unfavourables	unfavorables
unfavourablest	unfavorablest
unfavourablier	unfavorablier
unfavourabliest	unfavorabliest
unfavourably	unfavorably
unfavourite	unfavorite
unfavouriter	unfavoriter
unfavourites	unfavorites
unfavouritest	unfavoritest
unfertilised	unfertilized
unfertilisedder	unfertilizedder
unfertiliseddest	unfertilizeddest
unfeudalise	unfeudalize
unfeudalised	unfeudalized
unfeudalises	unfeudalizes
unfeudalising	unfeudalizing
unflavoured	unflavored
unflavouredder	unflavoredder
unflavoureddest	unflavoreddest
unformalised	unformalized
unformalisedder	unformalizedder
unformaliseddest	unformalizeddest
unfossilised	unfossilized
unfossilisedder	unfossilizedder
unfossiliseddest	unfossilizeddest
unfossiliseds	unfossilizeds
unharbour	unharbor
unharboured	unharbored
unhonoured	unhonored
unhonouredder	unhonoredder
unhonoureddest	unhonoreddest
unhumanise	unhumanize
unhumanised	unhumanized
unhumanises	unhumanizes
unhumanising	unhumanizing
unhumourous	unhumorous
unhydrolysed	unhydrolyzed
unhydrolyseds	unhydrolyzeds
unicolour	unicolor
unicolourate	unicolorate
unicoloured	unicolored
unicolourous	unicolorous
uniformise	uniformize
uniformised	uniformized
uniformises	uniformizes
uniformising	uniformizing
unimmunised	unimmunized
unindustrialised	unindustrialized
unindustrialiseds	unindustrializeds
uninitialised	uninitialized
unionisation	unionization
unionisations	unionizations
unionise	unionize
unionised	unionized
unioniser	unionizer
unionisers	unionizers
unionises	unionizes
unionising	unionizing
unitisation	unitization
unitisations	unitizations
unitise	unitize
unitised	unitized
unitises	unitizes
unitising	unitizing
universalisation	universalization
universalisations	universalizations
universalise	universalize
universalised	universalized
universalises	universalizes
universalising	universalizing
unkennelled	unkenneled
unkennelling	unkenneling
unlabelled	unlabeled
unlabelledder	unlabeledder
unlabelleddest	unlabeleddest
unlaboured	unlabored
unlabouredder	unlaboredder
unlaboureddest	unlaboreddest
unlabouring	unlaboring
unlabouringer	unlaboringer
unlabouringest	unlaboringest
unlabourings	unlaborings
unlearnt	unlearned
unlevelled	unleveled
unlevelling	unleveling
unlocalise	unlocalize
unlocalised	unlocalized
unlocalises	unlocalizes
unlocalising	unlocalizing
unmacadamised	unmacadamized
unmaterialised	unmaterialized
unmechanise	unmechanize
unmechanised	unmechanized
unmechanises	unmechanizes
unmechanising	unmechanizing
unmemorised	unmemorized
unmethodised	unmethodized
unmitre	unmiter
unmitres	unmiters
unmodernised	unmodernized
unmodernisedder	unmodernizedder
unmoderniseddest	unmodernizeddest
unmoralise	unmoralize
unmoralised	unmoralized
unmoralises	unmoralizes
unmoralising	unmoralizing
unmoralisinger	unmoralizinger
unmoralisingest	unmoralizingest
unmoralisings	unmoralizings
unnaturalise	unnaturalize
unnaturalised	unnaturalized
unnaturalises	unnaturalizes
unnaturalising	unnaturalizing
unneighboured	unneighbored
unneighbourlier	unneighborlier
unneighbourliest	unneighborliest
unneighbourliness	unneighborliness
unneighbourlinesses	unneighborlinesses
unneighbourly	unneighborly
unorganised	unorganized
unoxidised	unoxidized
unoxidisedder	unoxidizedder
unoxidiseddest	unoxidizeddest
unpasteurised	unpasteurized
unpatronised	unpatronized
unpolarisable	unpolarizable
unpolarisables	unpolarizables
unpolarised	unpolarized
unpolarisedder	unpolarizedder
unpolariseddest	unpolarizeddest
unpolariseds	unpolarizeds
unpractised	unpracticed
unpractisedder	unpracticedder
unpractiseddest	unpracticeddest
unpressurised	unpressurized
unprotestantise	unprotestantize
unprotestantised	unprotestantized
unprotestantises	unprotestantizes
unprotestantising	unprotestantizing
unpublicised	unpublicized
unquantised	unquantized
unravelled	unraveled
unravelling	unraveling
unrealisable	unrealizable
unrealisables	unrealizables
unrealise	unrealize
unrealised	unrealized
unrealises	unrealizes
unrealising	unrealizing
unrealisings	unrealizings
unrecognisable	unrecognizable
unrecognisabler	unrecognizabler
unrecognisablest	unrecognizablest
unrecognisably	unrecognizably
unrecognised	unrecognized
unrecognising	unrecognizing
unrivalled	unrivaled
unrivalledder	unrivaledder
unrivalleddest	unrivaleddest
unromanised	unromanized
unromanticised	unromanticized
unromanticisedder	unromanticizedder
unromanticiseddest	unromanticizeddest
unromanticiseds	unromanticizeds
unsavourier	unsavorier
unsavouries	unsavories
unsavouriest	unsavoriest
unsavourilier	unsavorilier
unsavourilies	unsavorilies
unsavouriliest	unsavoriliest
unsavourily	unsavorily
unsavouriness	unsavoriness
unsavourinesses	unsavorinesses
unsavoury	unsavory
unsceptred	unsceptered
unsceptredder	unscepteredder
unsceptreddest	unsceptereddest
unscrutinised	unscrutinized
unscrutinisedder	unscrutinizedder
unscrutiniseddest	unscrutinizeddest
unsensitise	unsensitize
unsensitised	unsensitized
unsensitises	unsensitizes
unsensitising	unsensitizing
unsensualise	unsensualize
unsensualised	unsensualized
unsensualises	unsensualizes
unsensualising	unsensualizing
unsepulchred	unsepulchered
unshakeable	unshakable
unsocialised	unsocialized
unsocialisedder	unsocializedder
unsocialiseddest	unsocializeddest
unspecialised	unspecialized
unspecialisedder	unspecializedder
unspecialiseddest	unspecializeddest
unspiritualise	unspiritualize
unspiritualised	unspiritualized
unspiritualises	unspiritualizes
unspiritualising	unspiritualizing
unstandardised	unstandardized
unstandardisedder	unstandardizedder
unstandardiseddest	unstandardizeddest
unsterilised	unsterilized
unstigmatised	unstigmatized
unstigmatisedder	unstigmatizedder
unstigmatiseddest	unstigmatizeddest
unstigmatiseds	unstigmatizeds
unsubsidised	unsubsidized
unsubstantialise	unsubstantialize
unsubstantialised	unsubstantialized
unsubstantialises	unsubstantializes
unsubstantialising	unsubstantializing
unsuccoured	unsuccored
unsymmetrised	unsymmetrized
unsymmetriseds	unsymmetrizeds
unsympathising	unsympathizing
unsympathisinger	unsympathizinger
unsympathisingest	unsympathizingest
unsympathisings	unsympathizings
unsynchronised	unsynchronized
unsynchronisedder	unsynchronizedder
unsynchroniseddest	unsynchronizeddest
unsystematised	unsystematized
unsystematisedder	unsystematizedder
unsystematiseddest	unsystematizeddest
untrammelled	untrammeled
untrammelledder	untrammeledder
untrammelleddest	untrammeleddest
unutilised	unutilized
unverbalised	unverbalized
unvocalised	unvocalized
unvocalisedder	unvocalizedder
unvocaliseddest	unvocalizeddest
unvocaliseds	unvocalizeds
unvulcanised	unvulcanized
unvulcanisedder	unvulcanizedder
unvulcaniseddest	unvulcanizeddest
unvulcaniseds	unvulcanizeds
unvulgarise	unvulgarize
unvulgarised	unvulgarized
unvulgarises	unvulgarizes
unvulgarising	unvulgarizing
updraught	updraft
updraughts	updrafts
uraemia	uremia
uraemias	uremias
uraemic	uremic
uralitisation	uralitization
uralitisations	uralitizations
uralitise	uralitize
uralitised	uralitized
uralitises	uralitizes
uralitising	uralitizing
urbanisation	urbanization
urbanisations	urbanizations
urbanise	urbanize
urbanised	urbanized
urbanises	urbanizes
urbanising	urbanizing
urinaemia	urinemia
urinaemic	urinemic
utilisable	utilizable
utilisables	utilizables
utilisation	utilization
utilisations	utilizations
utilise	utilize
utilised	utilized
utiliser	utilizer
utilisers	utilizers
utilises	utilizes
utilising	utilizing
utilitarianise	utilitarianize
utilitarianised	utilitarianized
utilitarianises	utilitarianizes
utilitarianising	utilitarianizing
utopianise	utopianize
utopianised	utopianized
utopianiser	utopianizer
utopianisers	utopianizers
utopianises	utopianizes
utopianising	utopianizing
vacuolisation	vacuolization
vacuolisations	vacuolizations
vagabondise	vagabondize
vagabondised	vagabondized
vagabondises	vagabondizes
vagabondising	vagabondizing
valorisation	valorization
valorisations	valorizations
valorise	valorize
valorised	valorized
valorises	valorizes
valorising	valorizing
valour	valor
valourousness	valorousness
valours	valors
vampirise	vampirize
vampirised	vampirized
vampirises	vampirizes
vampirising	vampirizing
vandalisation	vandalization
vandalisations	vandalizations
vandalise	vandalize
vandalised	vandalized
vandalises	vandalizes
vandalising	vandalizing
vaporisable	vaporizable
vaporisation	vaporization
vaporisations	vaporizations
vaporise	vaporize
vaporised	vaporized
vaporiser	vaporizer
vaporisers	vaporizers
vaporises	vaporizes
vaporising	vaporizing
vapour	vapor
vapourabilities	vaporabilities
vapourability	vaporability
vapourable	vaporable
vapourables	vaporables
vapoured	vapored
vapourer	vaporer
vapourers	vaporers
vapourier	vaporier
vapouriest	vaporiest
vapourific	vaporific
vapourimeter	vaporimeter
vapouring	vaporing
vapouringly	vaporingly
vapourings	vaporings
vapourish	vaporish
vapourisher	vaporisher
vapourishest	vaporishest
vapourishness	vaporishness
vapourishnesses	vaporishnesses
vapourously	vaporously
vapours	vapors
vapourware	vaporware
vapoury	vapory
varicoloured	varicolored
varicolouredder	varicoloredder
varicoloureddest	varicoloreddest
varicoloureds	varicoloreds
vascularisation	vascularization
vascularisations	vascularizations
vascularise	vascularize
vascularised	vascularized
vascularises	vascularizes
vascularising	vascularizing
vasectomise	vasectomize
vasectomised	vasectomized
vasectomising	vasectomizing
vassalise	vassalize
vassalised	vassalized
vassalises	vassalizes
vassalising	vassalizing
vectorisation	vectorization
vectorisations	vectorizations
vectorise	vectorize
vectorised	vectorized
vectorises	vectorizes
vectorising	vectorizing
velarisation	velarization
velarisations	velarizations
velarise	velarize
velarised	velarized
velarises	velarizes
velarising	velarizing
ventriloquise	ventriloquize
ventriloquised	ventriloquized
ventriloquises	ventriloquizes
ventriloquising	ventriloquizing
verbalisation	verbalization
verbalisations	verbalizations
verbalise	verbalize
verbalised	verbalized
verbaliser	verbalizer
verbalisers	verbalizers
verbalises	verbalizes
verbalising	verbalizing
vernacularisation	vernacularization
vernacularisations	vernacularizations
vernacularise	vernacularize
vernacularised	vernacularized
vernacularises	vernacularizes
vernacularising	vernacularizing
vernalisation	vernalization
vernalisations	vernalizations
vernalise	vernalize
vernalised	vernalized
vernalises	vernalizes
vernalising	vernalizing
versicolour	versicolor
versicoloured	versicolored
victimisation	victimization
victimisations	victimizations
victimise	victimize
victimised	victimized
victimiser	victimizer
victimisers	victimizers
victimises	victimizes
victimising	victimizing
victualled	victualed
victualler	victualer
victuallers	victualers
victualling	victualing
vigour	vigor
vigourless	vigorless
vigours	vigors
villagisation	villagization
villagisations	villagizations
viraemia	viremia
viraemias	viremias
viraemic	viremic
virilisation	virilization
virilisations	virilizations
virilised	virilized
virilising	virilizing
virtualisation	virtualization
virtualisations	virtualizations
virtualise	virtualize
virtualised	virtualized
virtualiser	virtualizer
virtualisers	virtualizers
virtualises	virtualizes
virtualising	virtualizing
visualisable	visualizable
visualisation	visualization
visualisations	visualizations
visualise	visualize
visualised	visualized
visualiser	visualizer
visualisers	visualizers
visualises	visualizes
visualising	visualizing
vitalisation	vitalization
vitalisations	vitalizations
vitalise	vitalize
vitalised	vitalized
vitaliser	vitalizer
vitalisers	vitalizers
vitalises	vitalizes
vitalising	vitalizing
vitalisings	vitalizings
vitaminise	vitaminize
vitaminised	vitaminized
vitaminises	vitaminizes
vitaminising	vitaminizing
vitriolisation	vitriolization
vitriolisations	vitriolizations
vitriolise	vitriolize
vitriolised	vitriolized
vitriolises	vitriolizes
vitriolising	vitriolizing
vocalisation	vocalization
vocalisations	vocalizations
vocalise	vocalize
vocalised	vocalized
vocaliser	vocalizer
vocalisers	vocalizers
vocalises	vocalizes
vocalising	vocalizing
volatilisable	volatilizable
volatilisation	volatilization
volatilisations	volatilizations
volatilise	volatilize
volatilised	volatilized
volatiliser	volatilizer
volatilisers	volatilizers
volatilises	volatilizes
volatilising	volatilizing
volcanisation	volcanization
volcanisations	volcanizations
volcanise	volcanize
volcanised	volcanized
volcanises	volcanizes
volcanising	volcanizing
vowelisation	vowelization
vowelisations	vowelizations
vowelise	vowelize
vowelised	vowelized
vowelises	vowelizes
vowelising	vowelizing
vulcanisable	vulcanizable
vulcanisation	vulcanization
vulcanisations	vulcanizations
vulcanise	vulcanize
vulcanised	vulcanized
vulcaniser	vulcanizer
vulcanisers	vulcanizers
vulcanises	vulcanizes
vulcanising	vulcanizing
vulgarisation	vulgarization
vulgarisations	vulgarizations
vulgarise	vulgarize
vulgarised	vulgarized
vulgariser	vulgarizer
vulgarisers	vulgarizers
vulgarises	vulgarizes
vulgarising	vulgarizing
warrantise	warrantize
watercolour	watercolor
watercoloured	watercolored
watercolouring	watercoloring
watercolourist	watercolorist
watercolourists	watercolorists
watercolours	watercolors
weaponisation	weaponization
weaponisations	weaponizations
weaponise	weaponize
weaponised	weaponized
weaponiser	weaponizer
weaponisers	weaponizers
weaponises	weaponizes
weaponising	weaponizing
weaselled	weaseled
weaselling	weaseling
weatherise	weatherize
weatherised	weatherized
weatherises	weatherizes
weatherising	weatherizing
weftwise	weftwize
westernisation	westernization
westernisations	westernizations
westernise	westernize
westernised	westernized
westernises	westernizes
westernising	westernizing
whirr	whir
whirrs	whirs
whizz	whiz
wilful	willful
wilfuler	willfuler
wilfulest	willfulest
wilfullier	willfullier
wilfulliest	willfulliest
wilfully	willfully
wilfulness	willfulness
winterisation	winterization
winterisations	winterizations
winterise	winterize
winterised	winterized
winterises	winterizes
winterising	winterizing
womanise	womanize
womanised	womanized
womaniser	womanizer
womanisers	womanizers
womanises	womanizes
womanising	womanizing
woollen	woolen
woollenner	woolenner
woollennest	woolennest
woollens	woolens
worshipped	worshiped
worshipper	worshiper
worshippers	worshipers
worshipping	worshiping
yodelled	yodeled
yodeller	yodeler
yodellers	yodelers
yodelling	yodeling
